Datetime,Open,High,Low,Close,Adj Close,Volume
2024-01-21 18:00:00-05:00,17466.0,17499.5,17466.0,17498.75,17498.75,1413
2024-01-21 18:05:00-05:00,17499.0,17499.5,17492.25,17497.75,17497.75,1166
2024-01-21 18:10:00-05:00,17497.75,17497.75,17490.75,17492.0,17492.0,683
2024-01-21 18:15:00-05:00,17491.75,17498.0,17490.25,17492.0,17492.0,649
2024-01-21 18:20:00-05:00,17492.25,17492.5,17478.75,17483.5,17483.5,1236
2024-01-21 18:25:00-05:00,17483.5,17484.75,17477.75,17479.75,17479.75,362
2024-01-21 18:30:00-05:00,17479.75,17488.5,17478.0,17479.25,17479.25,691
2024-01-21 18:35:00-05:00,17479.25,17486.25,17474.5,17486.0,17486.0,506
2024-01-21 18:40:00-05:00,17486.25,17492.5,17482.5,17492.25,17492.25,493
2024-01-21 18:45:00-05:00,17492.25,17494.0,17484.25,17487.5,17487.5,468
2024-01-21 18:50:00-05:00,17487.75,17492.25,17486.5,17486.75,17486.75,402
2024-01-21 18:55:00-05:00,17486.5,17488.25,17481.0,17484.0,17484.0,405
2024-01-21 19:00:00-05:00,17484.5,17487.25,17480.0,17484.0,17484.0,399
2024-01-21 19:05:00-05:00,17484.25,17491.5,17484.0,17490.5,17490.5,434
2024-01-21 19:10:00-05:00,17490.0,17490.5,17483.5,17484.75,17484.75,364
2024-01-21 19:15:00-05:00,17485.0,17490.5,17483.75,17490.5,17490.5,235
2024-01-21 19:20:00-05:00,17490.25,17491.25,17487.5,17489.25,17489.25,240
2024-01-21 19:25:00-05:00,17489.75,17497.5,17489.0,17497.25,17497.25,712
2024-01-21 19:30:00-05:00,17497.5,17507.75,17496.0,17505.75,17505.75,1171
2024-01-21 19:35:00-05:00,17506.5,17509.75,17501.5,17509.0,17509.0,868
2024-01-21 19:40:00-05:00,17509.0,17524.5,17507.25,17517.5,17517.5,1760
2024-01-21 19:45:00-05:00,17518.25,17524.25,17514.0,17524.0,17524.0,683
2024-01-21 19:50:00-05:00,17524.0,17538.25,17519.75,17532.5,17532.5,1466
2024-01-21 19:55:00-05:00,17533.0,17563.0,17531.25,17556.5,17556.5,2701
2024-01-21 20:00:00-05:00,17556.5,17563.75,17554.25,17563.5,17563.5,1558
2024-01-21 20:05:00-05:00,17562.75,17567.5,17557.0,17560.75,17560.75,1133
2024-01-21 20:10:00-05:00,17561.0,17567.0,17558.0,17565.5,17565.5,1614
2024-01-21 20:15:00-05:00,17565.5,17565.5,17545.75,17545.75,17545.75,1623
2024-01-21 20:20:00-05:00,17546.5,17562.5,17546.5,17561.75,17561.75,1191
2024-01-21 20:25:00-05:00,17562.25,17562.25,17554.0,17560.0,17560.0,776
2024-01-21 20:30:00-05:00,17559.25,17566.75,17552.75,17557.25,17557.25,956
2024-01-21 20:35:00-05:00,17557.25,17559.0,17548.0,17551.75,17551.75,680
2024-01-21 20:40:00-05:00,17551.5,17552.0,17544.0,17546.25,17546.25,904
2024-01-21 20:45:00-05:00,17547.0,17554.0,17545.25,17550.75,17550.75,645
2024-01-21 20:50:00-05:00,17550.0,17550.25,17542.75,17547.5,17547.5,729
2024-01-21 20:55:00-05:00,17548.0,17550.75,17545.0,17548.0,17548.0,328
2024-01-21 21:00:00-05:00,17548.5,17549.0,17543.5,17547.5,17547.5,430
2024-01-21 21:05:00-05:00,17549.0,17551.0,17546.5,17548.25,17548.25,404
2024-01-21 21:10:00-05:00,17548.25,17558.5,17547.75,17555.25,17555.25,731
2024-01-21 21:15:00-05:00,17555.25,17562.0,17553.5,17559.75,17559.75,530
2024-01-21 21:20:00-05:00,17559.25,17559.25,17551.5,17553.25,17553.25,355
2024-01-21 21:25:00-05:00,17553.5,17555.25,17546.25,17547.25,17547.25,419
2024-01-21 21:30:00-05:00,17547.75,17548.75,17538.0,17538.5,17538.5,950
2024-01-21 21:35:00-05:00,17538.0,17545.75,17537.5,17544.5,17544.5,451
2024-01-21 21:40:00-05:00,17544.5,17546.75,17543.0,17546.5,17546.5,257
2024-01-21 21:45:00-05:00,17546.75,17554.0,17546.75,17552.5,17552.5,417
2024-01-21 21:50:00-05:00,17553.0,17553.5,17548.0,17550.75,17550.75,317
2024-01-21 21:55:00-05:00,17549.75,17553.25,17546.5,17549.75,17549.75,319
2024-01-21 22:00:00-05:00,17550.0,17551.75,17545.25,17546.25,17546.25,413
2024-01-21 22:05:00-05:00,17546.0,17546.25,17542.25,17543.5,17543.5,246
2024-01-21 22:10:00-05:00,17543.5,17545.0,17541.0,17543.25,17543.25,264
2024-01-21 22:15:00-05:00,17543.25,17546.25,17541.0,17546.25,17546.25,273
2024-01-21 22:20:00-05:00,17546.0,17546.5,17539.5,17540.75,17540.75,246
2024-01-21 22:25:00-05:00,17541.0,17546.25,17541.0,17544.5,17544.5,266
2024-01-21 22:30:00-05:00,17545.25,17548.75,17543.75,17548.5,17548.5,377
2024-01-21 22:35:00-05:00,17548.5,17552.25,17546.75,17551.5,17551.5,261
2024-01-21 22:40:00-05:00,17551.75,17552.0,17546.25,17548.25,17548.25,217
2024-01-21 22:45:00-05:00,17548.0,17554.75,17548.0,17550.5,17550.5,344
2024-01-21 22:50:00-05:00,17551.25,17552.0,17542.75,17544.0,17544.0,343
2024-01-21 22:55:00-05:00,17543.5,17547.5,17542.25,17546.75,17546.75,282
2024-01-21 23:00:00-05:00,17547.25,17552.25,17547.0,17550.75,17550.75,417
2024-01-21 23:05:00-05:00,17551.0,17554.5,17549.5,17553.25,17553.25,256
2024-01-21 23:10:00-05:00,17553.0,17553.5,17550.0,17552.75,17552.75,145
2024-01-21 23:15:00-05:00,17553.75,17555.25,17547.0,17548.25,17548.25,292
2024-01-21 23:20:00-05:00,17548.0,17552.0,17548.0,17551.5,17551.5,159
2024-01-21 23:25:00-05:00,17550.75,17552.0,17550.0,17551.5,17551.5,125
2024-01-21 23:30:00-05:00,17551.0,17552.5,17550.25,17551.25,17551.25,116
2024-01-21 23:35:00-05:00,17551.25,17552.0,17548.25,17548.25,17548.25,151
2024-01-21 23:40:00-05:00,17549.25,17549.75,17545.75,17549.0,17549.0,150
2024-01-21 23:45:00-05:00,17548.5,17549.5,17547.0,17548.25,17548.25,88
2024-01-21 23:50:00-05:00,17548.5,17552.5,17548.5,17551.0,17551.0,250
2024-01-21 23:55:00-05:00,17550.75,17555.0,17550.0,17551.0,17551.0,156
2024-01-22 00:00:00-05:00,17552.0,17553.25,17549.25,17551.5,17551.5,230
2024-01-22 00:05:00-05:00,17550.5,17553.5,17548.0,17552.75,17552.75,262
2024-01-22 00:10:00-05:00,17553.0,17554.5,17551.0,17553.75,17553.75,184
2024-01-22 00:15:00-05:00,17554.0,17554.0,17550.75,17550.75,17550.75,149
2024-01-22 00:20:00-05:00,17550.75,17552.5,17550.0,17552.5,17552.5,170
2024-01-22 00:25:00-05:00,17553.25,17553.25,17545.0,17545.5,17545.5,320
2024-01-22 00:30:00-05:00,17545.75,17549.25,17543.75,17549.25,17549.25,293
2024-01-22 00:35:00-05:00,17548.75,17549.75,17542.25,17543.0,17543.0,458
2024-01-22 00:40:00-05:00,17542.75,17545.5,17542.5,17543.75,17543.75,175
2024-01-22 00:45:00-05:00,17543.25,17544.0,17540.75,17541.5,17541.5,177
2024-01-22 00:50:00-05:00,17541.5,17541.5,17535.25,17537.0,17537.0,447
2024-01-22 00:55:00-05:00,17537.25,17537.25,17530.0,17535.5,17535.5,672
2024-01-22 01:00:00-05:00,17535.5,17546.25,17534.75,17545.5,17545.5,726
2024-01-22 01:05:00-05:00,17545.5,17548.0,17542.25,17545.75,17545.75,489
2024-01-22 01:10:00-05:00,17545.75,17547.25,17545.0,17546.75,17546.75,230
2024-01-22 01:15:00-05:00,17546.5,17549.75,17542.0,17543.5,17543.5,376
2024-01-22 01:20:00-05:00,17543.75,17544.0,17536.5,17538.0,17538.0,343
2024-01-22 01:25:00-05:00,17538.5,17540.0,17534.0,17537.25,17537.25,399
2024-01-22 01:30:00-05:00,17537.25,17541.0,17536.25,17541.0,17541.0,319
2024-01-22 01:35:00-05:00,17541.5,17543.0,17539.0,17539.5,17539.5,225
2024-01-22 01:40:00-05:00,17539.5,17540.75,17533.75,17537.75,17537.75,379
2024-01-22 01:45:00-05:00,17537.0,17544.75,17536.75,17543.25,17543.25,373
2024-01-22 01:50:00-05:00,17542.25,17543.5,17539.25,17543.5,17543.5,330
2024-01-22 01:55:00-05:00,17543.25,17548.25,17542.25,17543.25,17543.25,449
2024-01-22 02:00:00-05:00,17543.0,17544.0,17533.0,17536.75,17536.75,654
2024-01-22 02:05:00-05:00,17537.0,17540.25,17533.0,17533.75,17533.75,276
2024-01-22 02:10:00-05:00,17534.25,17549.75,17532.75,17549.5,17549.5,767
2024-01-22 02:15:00-05:00,17549.75,17559.0,17548.25,17556.5,17556.5,1096
2024-01-22 02:20:00-05:00,17556.25,17559.75,17554.0,17556.75,17556.75,541
2024-01-22 02:25:00-05:00,17556.25,17560.25,17552.5,17556.5,17556.5,593
2024-01-22 02:30:00-05:00,17556.5,17559.25,17546.25,17546.75,17546.75,709
2024-01-22 02:35:00-05:00,17546.75,17550.25,17535.0,17538.25,17538.25,1225
2024-01-22 02:40:00-05:00,17538.0,17546.0,17537.25,17545.5,17545.5,716
2024-01-22 02:45:00-05:00,17545.25,17548.5,17541.0,17542.75,17542.75,723
2024-01-22 02:50:00-05:00,17542.25,17542.5,17534.25,17535.5,17535.5,675
2024-01-22 02:55:00-05:00,17535.25,17544.25,17535.25,17538.0,17538.0,623
2024-01-22 03:00:00-05:00,17537.0,17542.25,17533.0,17541.0,17541.0,1195
2024-01-22 03:05:00-05:00,17541.25,17541.25,17521.5,17523.25,17523.25,1266
2024-01-22 03:10:00-05:00,17523.5,17535.0,17523.5,17528.5,17528.5,819
2024-01-22 03:15:00-05:00,17528.0,17538.0,17525.5,17531.5,17531.5,880
2024-01-22 03:20:00-05:00,17532.0,17536.75,17530.5,17535.75,17535.75,592
2024-01-22 03:25:00-05:00,17536.25,17536.25,17524.25,17526.25,17526.25,573
2024-01-22 03:30:00-05:00,17526.75,17531.0,17520.0,17520.0,17520.0,875
2024-01-22 03:35:00-05:00,17521.0,17525.25,17518.5,17521.5,17521.5,664
2024-01-22 03:40:00-05:00,17521.75,17531.0,17518.75,17525.75,17525.75,821
2024-01-22 03:45:00-05:00,17526.25,17528.75,17521.75,17527.0,17527.0,773
2024-01-22 03:50:00-05:00,17527.25,17530.5,17525.5,17529.75,17529.75,347
2024-01-22 03:55:00-05:00,17529.25,17540.5,17527.25,17539.5,17539.5,741
2024-01-22 04:00:00-05:00,17539.75,17544.75,17534.0,17536.75,17536.75,1179
2024-01-22 04:05:00-05:00,17536.5,17544.75,17529.5,17542.25,17542.25,969
2024-01-22 04:10:00-05:00,17542.5,17543.0,17531.75,17532.5,17532.5,619
2024-01-22 04:15:00-05:00,17532.25,17537.5,17531.0,17536.5,17536.5,525
2024-01-22 04:20:00-05:00,17536.75,17538.0,17528.5,17529.75,17529.75,508
2024-01-22 04:25:00-05:00,17529.75,17535.25,17526.5,17529.5,17529.5,537
2024-01-22 04:30:00-05:00,17529.75,17533.75,17527.25,17532.0,17532.0,420
2024-01-22 04:35:00-05:00,17532.75,17533.25,17524.25,17525.0,17525.0,653
2024-01-22 04:40:00-05:00,17525.0,17537.75,17523.0,17534.25,17534.25,745
2024-01-22 04:45:00-05:00,17534.0,17535.0,17527.0,17530.25,17530.25,368
2024-01-22 04:50:00-05:00,17530.5,17536.25,17530.5,17535.5,17535.5,332
2024-01-22 04:55:00-05:00,17535.5,17542.0,17534.25,17538.0,17538.0,621
2024-01-22 05:00:00-05:00,17537.5,17540.0,17531.0,17532.5,17532.5,476
2024-01-22 05:05:00-05:00,17532.75,17536.25,17529.25,17534.25,17534.25,368
2024-01-22 05:10:00-05:00,17534.75,17547.75,17532.5,17547.75,17547.75,659
2024-01-22 05:15:00-05:00,17547.25,17547.25,17536.0,17539.75,17539.75,490
2024-01-22 05:20:00-05:00,17539.5,17541.0,17532.5,17534.25,17534.25,318
2024-01-22 05:25:00-05:00,17535.0,17535.75,17532.5,17534.75,17534.75,217
2024-01-22 05:30:00-05:00,17534.0,17536.0,17532.75,17534.75,17534.75,77
2024-01-22 05:40:00-05:00,17528.80078125,17532.5,17527.25,17530.5,17530.5,969
2024-01-22 05:45:00-05:00,17530.5,17539.5,17530.25,17539.0,17539.0,359
2024-01-22 05:50:00-05:00,17539.25,17539.75,17535.5,17536.25,17536.25,248
2024-01-22 05:55:00-05:00,17535.5,17537.75,17531.0,17536.25,17536.25,389
2024-01-22 06:00:00-05:00,17535.75,17538.25,17533.5,17536.75,17536.75,288
2024-01-22 06:05:00-05:00,17536.25,17541.25,17535.5,17539.0,17539.0,376
2024-01-22 06:10:00-05:00,17539.0,17543.0,17536.0,17541.0,17541.0,451
2024-01-22 06:15:00-05:00,17540.75,17547.25,17538.25,17543.5,17543.5,873
2024-01-22 06:20:00-05:00,17543.5,17547.5,17541.25,17544.25,17544.25,318
2024-01-22 06:25:00-05:00,17544.75,17545.25,17539.25,17544.5,17544.5,345
2024-01-22 06:30:00-05:00,17544.75,17548.75,17543.5,17546.25,17546.25,562
2024-01-22 06:35:00-05:00,17546.0,17556.0,17545.75,17554.25,17554.25,898
2024-01-22 06:40:00-05:00,17554.25,17555.75,17547.5,17552.75,17552.75,559
2024-01-22 06:45:00-05:00,17552.5,17553.75,17548.25,17548.5,17548.5,410
2024-01-22 06:50:00-05:00,17548.5,17549.25,17541.5,17544.0,17544.0,912
2024-01-22 06:55:00-05:00,17543.5,17543.75,17535.25,17535.75,17535.75,701
2024-01-22 07:00:00-05:00,17535.5,17547.75,17534.0,17547.5,17547.5,846
2024-01-22 07:05:00-05:00,17547.5,17555.5,17547.0,17553.5,17553.5,772
2024-01-22 07:10:00-05:00,17553.25,17559.75,17551.25,17558.25,17558.25,935
2024-01-22 07:15:00-05:00,17558.0,17558.5,17550.75,17553.5,17553.5,832
2024-01-22 07:20:00-05:00,17553.25,17559.5,17553.25,17559.5,17559.5,547
2024-01-22 07:25:00-05:00,17559.25,17574.0,17558.5,17572.5,17572.5,2460
2024-01-22 07:30:00-05:00,17571.75,17582.5,17571.5,17577.0,17577.0,1889
2024-01-22 07:35:00-05:00,17576.75,17578.75,17567.25,17567.75,17567.75,1070
2024-01-22 07:40:00-05:00,17567.5,17577.0,17567.25,17572.75,17572.75,914
2024-01-22 07:45:00-05:00,17572.0,17573.5,17564.75,17569.5,17569.5,1171
2024-01-22 07:50:00-05:00,17570.5,17573.5,17567.75,17572.0,17572.0,707
2024-01-22 07:55:00-05:00,17572.0,17576.25,17568.75,17570.0,17570.0,828
2024-01-22 08:00:00-05:00,17570.25,17572.25,17558.0,17559.75,17559.75,1218
2024-01-22 08:05:00-05:00,17560.0,17563.5,17555.5,17555.75,17555.75,1146
2024-01-22 08:10:00-05:00,17556.25,17556.5,17551.0,17554.75,17554.75,1039
2024-01-22 08:15:00-05:00,17554.75,17556.0,17545.25,17549.0,17549.0,1223
2024-01-22 08:20:00-05:00,17548.0,17557.5,17545.75,17557.25,17557.25,1109
2024-01-22 08:25:00-05:00,17557.0,17561.0,17553.5,17560.0,17560.0,1031
2024-01-22 08:30:00-05:00,17559.75,17559.75,17530.75,17535.75,17535.75,2986
2024-01-22 08:35:00-05:00,17536.0,17537.75,17528.0,17528.5,17528.5,1791
2024-01-22 08:40:00-05:00,17528.25,17533.75,17522.75,17525.5,17525.5,1886
2024-01-22 08:45:00-05:00,17525.0,17525.75,17517.5,17520.5,17520.5,1910
2024-01-22 08:50:00-05:00,17521.0,17527.25,17519.75,17525.0,17525.0,1930
2024-01-22 08:55:00-05:00,17525.0,17529.0,17523.75,17526.75,17526.75,1604
2024-01-22 09:00:00-05:00,17527.0,17529.25,17515.75,17516.25,17516.25,2053
2024-01-22 09:05:00-05:00,17516.5,17523.5,17514.25,17521.5,17521.5,1843
2024-01-22 09:10:00-05:00,17521.25,17521.75,17513.25,17514.25,17514.25,1482
2024-01-22 09:15:00-05:00,17514.25,17521.5,17514.25,17516.5,17516.5,1041
2024-01-22 09:20:00-05:00,17516.0,17535.25,17515.0,17525.0,17525.0,3263
2024-01-22 09:25:00-05:00,17526.0,17532.5,17522.0,17529.25,17529.25,3147
2024-01-22 09:30:00-05:00,17528.75,17575.75,17527.5,17573.25,17573.25,20939
2024-01-22 09:35:00-05:00,17573.25,17585.0,17544.75,17548.5,17548.5,16127
2024-01-22 09:40:00-05:00,17548.75,17549.0,17492.0,17504.25,17504.25,17718
2024-01-22 09:45:00-05:00,17504.75,17535.0,17493.5,17531.25,17531.25,13775
2024-01-22 09:50:00-05:00,17531.5,17547.0,17523.5,17543.0,17543.0,10889
2024-01-22 09:55:00-05:00,17543.5,17548.75,17525.5,17540.75,17540.75,8558
2024-01-22 10:00:00-05:00,17540.5,17551.75,17500.5,17504.5,17504.5,18334
2024-01-22 10:05:00-05:00,17504.5,17536.5,17494.25,17532.75,17532.75,12204
2024-01-22 10:10:00-05:00,17532.75,17542.0,17515.25,17538.25,17538.25,9342
2024-01-22 10:15:00-05:00,17538.5,17543.75,17511.0,17513.75,17513.75,7522
2024-01-22 10:20:00-05:00,17514.5,17525.5,17500.5,17512.0,17512.0,8418
2024-01-22 10:25:00-05:00,17512.25,17526.0,17483.25,17488.25,17488.25,12199
2024-01-22 10:30:00-05:00,17488.0,17489.25,17458.0,17472.5,17472.5,17182
2024-01-22 10:35:00-05:00,17472.75,17490.5,17464.25,17489.5,17489.5,7692
2024-01-22 10:40:00-05:00,17489.75,17490.0,17471.25,17474.5,17474.5,6597
2024-01-22 10:45:00-05:00,17474.5,17478.75,17438.75,17449.0,17449.0,12790
2024-01-22 10:50:00-05:00,17449.5,17474.0,17448.5,17471.0,17471.0,7862
2024-01-22 10:55:00-05:00,17470.5,17474.75,17445.75,17450.5,17450.5,8233
2024-01-22 11:00:00-05:00,17451.0,17462.0,17440.25,17449.25,17449.25,8787
2024-01-22 11:05:00-05:00,17448.75,17473.25,17448.75,17469.5,17469.5,6609
2024-01-22 11:10:00-05:00,17469.75,17484.0,17464.0,17479.5,17479.5,6669
2024-01-22 11:15:00-05:00,17479.25,17486.75,17473.0,17483.5,17483.5,5062
2024-01-22 11:20:00-05:00,17482.5,17495.25,17479.25,17494.0,17494.0,5248
2024-01-22 11:25:00-05:00,17493.75,17500.75,17486.0,17494.25,17494.25,4926
2024-01-22 11:30:00-05:00,17494.25,17500.0,17490.25,17496.75,17496.75,4181
2024-01-22 11:35:00-05:00,17497.0,17504.25,17488.25,17491.0,17491.0,4672
2024-01-22 11:40:00-05:00,17491.0,17497.0,17480.75,17485.25,17485.25,6538
2024-01-22 11:45:00-05:00,17485.75,17498.5,17484.75,17497.0,17497.0,3698
2024-01-22 11:50:00-05:00,17496.75,17499.25,17489.5,17498.75,17498.75,2992
2024-01-22 11:55:00-05:00,17498.25,17513.75,17496.25,17511.25,17511.25,6330
2024-01-22 12:00:00-05:00,17511.25,17513.0,17497.75,17499.75,17499.75,3649
2024-01-22 12:05:00-05:00,17499.75,17500.0,17463.0,17468.25,17468.25,7808
2024-01-22 12:10:00-05:00,17468.25,17485.75,17461.5,17484.75,17484.75,4984
2024-01-22 12:15:00-05:00,17485.25,17488.5,17475.5,17483.25,17483.25,3611
2024-01-22 12:20:00-05:00,17483.25,17498.5,17483.0,17492.75,17492.75,4155
2024-01-22 12:25:00-05:00,17492.5,17495.25,17483.25,17491.25,17491.25,3340
2024-01-22 12:30:00-05:00,17491.0,17499.0,17473.5,17477.25,17477.25,3866
2024-01-22 12:35:00-05:00,17477.0,17489.25,17469.5,17484.0,17484.0,3741
2024-01-22 12:40:00-05:00,17483.75,17486.25,17474.75,17483.75,17483.75,2464
2024-01-22 12:45:00-05:00,17483.25,17488.5,17477.75,17480.0,17480.0,2311
2024-01-22 12:50:00-05:00,17480.25,17493.0,17471.75,17489.5,17489.5,3297
2024-01-22 12:55:00-05:00,17489.0,17494.75,17477.25,17482.75,17482.75,3318
2024-01-22 13:00:00-05:00,17483.25,17483.5,17455.5,17461.5,17461.5,5330
2024-01-22 13:05:00-05:00,17461.25,17479.0,17459.75,17462.75,17462.75,3988
2024-01-22 13:10:00-05:00,17462.75,17476.75,17462.25,17472.5,17472.5,3136
2024-01-22 13:15:00-05:00,17472.25,17476.0,17452.75,17453.25,17453.25,3579
2024-01-22 13:20:00-05:00,17453.5,17467.0,17445.0,17455.75,17455.75,4435
2024-01-22 13:25:00-05:00,17455.5,17460.0,17434.0,17439.5,17439.5,5673
2024-01-22 13:30:00-05:00,17439.5,17460.0,17437.25,17456.0,17456.0,4638
2024-01-22 13:35:00-05:00,17456.5,17468.5,17451.75,17464.25,17464.25,3435
2024-01-22 13:40:00-05:00,17464.5,17469.0,17454.75,17458.25,17458.25,3412
2024-01-22 13:45:00-05:00,17458.25,17474.5,17456.75,17469.25,17469.25,3149
2024-01-22 13:50:00-05:00,17469.25,17486.0,17465.5,17483.25,17483.25,4876
2024-01-22 13:55:00-05:00,17483.5,17484.25,17477.25,17479.25,17479.25,3311
2024-01-22 14:00:00-05:00,17479.5,17487.0,17479.5,17481.5,17481.5,2705
2024-01-22 14:05:00-05:00,17482.5,17485.5,17477.5,17480.5,17480.5,2211
2024-01-22 14:10:00-05:00,17480.75,17481.25,17465.75,17469.25,17469.25,4261
2024-01-22 14:15:00-05:00,17469.5,17473.0,17447.75,17449.5,17449.5,4912
2024-01-22 14:20:00-05:00,17449.25,17457.75,17442.0,17453.25,17453.25,5510
2024-01-22 14:25:00-05:00,17453.0,17464.0,17449.0,17462.75,17462.75,3781
2024-01-22 14:30:00-05:00,17463.25,17474.0,17450.75,17455.5,17455.5,6160
2024-01-22 14:35:00-05:00,17455.5,17471.5,17451.75,17468.75,17468.75,3599
2024-01-22 14:40:00-05:00,17469.25,17473.5,17461.5,17464.25,17464.25,3386
2024-01-22 14:45:00-05:00,17464.25,17470.5,17455.25,17463.5,17463.5,3210
2024-01-22 14:50:00-05:00,17463.5,17468.75,17456.5,17461.25,17461.25,2776
2024-01-22 14:55:00-05:00,17461.25,17470.25,17458.25,17469.5,17469.5,2850
2024-01-22 15:00:00-05:00,17469.75,17471.5,17455.75,17463.25,17463.25,3661
2024-01-22 15:05:00-05:00,17463.0,17470.25,17453.75,17469.0,17469.0,3513
2024-01-22 15:10:00-05:00,17469.0,17477.5,17465.0,17473.5,17473.5,4724
2024-01-22 15:15:00-05:00,17473.25,17475.75,17469.75,17472.25,17472.25,2673
2024-01-22 15:20:00-05:00,17472.0,17476.5,17466.25,17473.5,17473.5,3097
2024-01-22 15:25:00-05:00,17474.25,17490.0,17474.25,17485.0,17485.0,5553
2024-01-22 15:30:00-05:00,17485.25,17487.75,17475.75,17479.75,17479.75,3962
2024-01-22 15:35:00-05:00,17479.75,17487.25,17474.75,17477.0,17477.0,3464
2024-01-22 15:40:00-05:00,17477.0,17482.75,17467.25,17468.75,17468.75,4705
2024-01-22 15:45:00-05:00,17468.75,17469.75,17458.5,17462.0,17462.0,5009
2024-01-22 15:50:00-05:00,17461.75,17475.25,17456.25,17458.25,17458.25,7752
2024-01-22 15:55:00-05:00,17458.0,17466.0,17454.25,17460.25,17460.25,11336
2024-01-22 16:00:00-05:00,17460.25,17461.75,17446.25,17447.0,17447.0,4754
2024-01-22 16:05:00-05:00,17447.0,17451.0,17443.75,17449.5,17449.5,1609
2024-01-22 16:10:00-05:00,17449.75,17451.5,17448.5,17450.5,17450.5,840
2024-01-22 16:15:00-05:00,17450.5,17452.0,17447.25,17450.5,17450.5,491
2024-01-22 16:20:00-05:00,17450.75,17453.0,17448.25,17452.0,17452.0,381
2024-01-22 16:25:00-05:00,17452.25,17457.25,17451.0,17454.75,17454.75,296
2024-01-22 16:30:00-05:00,17454.5,17456.5,17453.25,17456.0,17456.0,235
2024-01-22 16:35:00-05:00,17455.25,17460.0,17455.25,17459.75,17459.75,299
2024-01-22 16:40:00-05:00,17459.5,17461.5,17459.0,17460.0,17460.0,352
2024-01-22 16:45:00-05:00,17459.75,17460.75,17457.25,17460.75,17460.75,324
2024-01-22 16:50:00-05:00,17460.75,17460.75,17456.5,17456.75,17456.75,126
2024-01-22 16:55:00-05:00,17456.5,17457.75,17455.5,17455.5,17455.5,254
2024-01-22 18:00:00-05:00,17461.0,17461.0,17450.0,17454.0,17454.0,0
2024-01-22 18:05:00-05:00,17454.0,17465.0,17453.25,17463.5,17463.5,589
2024-01-22 18:10:00-05:00,17464.25,17465.25,17459.0,17460.75,17460.75,276
2024-01-22 18:15:00-05:00,17461.0,17462.25,17459.0,17461.75,17461.75,140
2024-01-22 18:20:00-05:00,17461.0,17461.75,17458.75,17459.5,17459.5,140
2024-01-22 18:25:00-05:00,17460.25,17465.0,17460.25,17464.0,17464.0,149
2024-01-22 18:30:00-05:00,17463.5,17470.0,17463.25,17470.0,17470.0,293
2024-01-22 18:35:00-05:00,17469.25,17473.25,17468.5,17471.5,17471.5,303
2024-01-22 18:40:00-05:00,17471.75,17474.0,17469.75,17472.75,17472.75,222
2024-01-22 18:45:00-05:00,17472.75,17473.0,17468.25,17469.25,17469.25,208
2024-01-22 18:50:00-05:00,17469.5,17470.25,17465.0,17467.75,17467.75,296
2024-01-22 18:55:00-05:00,17467.0,17468.25,17464.0,17464.5,17464.5,162
2024-01-22 19:00:00-05:00,17464.25,17472.5,17464.0,17470.5,17470.5,407
2024-01-22 19:05:00-05:00,17470.25,17473.0,17467.75,17472.5,17472.5,167
2024-01-22 19:10:00-05:00,17472.5,17473.0,17464.5,17465.75,17465.75,253
2024-01-22 19:15:00-05:00,17465.75,17468.25,17461.0,17467.25,17467.25,462
2024-01-22 19:20:00-05:00,17467.0,17469.75,17466.0,17468.5,17468.5,160
2024-01-22 19:25:00-05:00,17467.5,17469.25,17464.75,17467.5,17467.5,170
2024-01-22 19:30:00-05:00,17467.25,17470.75,17467.25,17470.75,17470.75,173
2024-01-22 19:35:00-05:00,17470.75,17471.5,17467.25,17468.0,17468.0,182
2024-01-22 19:40:00-05:00,17467.75,17471.75,17467.0,17471.75,17471.75,142
2024-01-22 19:45:00-05:00,17471.5,17472.0,17469.75,17471.5,17471.5,155
2024-01-22 19:50:00-05:00,17471.75,17475.25,17471.75,17473.75,17473.75,397
2024-01-22 19:55:00-05:00,17474.0,17474.25,17470.25,17471.5,17471.5,262
2024-01-22 20:00:00-05:00,17471.5,17473.0,17464.75,17466.25,17466.25,439
2024-01-22 20:05:00-05:00,17466.25,17468.5,17463.25,17463.75,17463.75,249
2024-01-22 20:10:00-05:00,17463.5,17464.75,17459.25,17460.75,17460.75,368
2024-01-22 20:15:00-05:00,17461.0,17461.0,17458.0,17458.75,17458.75,372
2024-01-22 20:20:00-05:00,17458.5,17465.0,17457.75,17463.0,17463.0,312
2024-01-22 20:25:00-05:00,17463.0,17465.5,17461.0,17461.75,17461.75,192
2024-01-22 20:30:00-05:00,17462.25,17463.25,17454.25,17459.0,17459.0,741
2024-01-22 20:35:00-05:00,17459.25,17463.75,17457.25,17459.0,17459.0,402
2024-01-22 20:40:00-05:00,17458.75,17460.5,17456.25,17457.5,17457.5,264
2024-01-22 20:45:00-05:00,17457.75,17459.0,17455.0,17458.25,17458.25,269
2024-01-22 20:50:00-05:00,17458.5,17463.0,17458.25,17462.25,17462.25,267
2024-01-22 20:55:00-05:00,17462.5,17484.5,17462.25,17478.0,17478.0,2153
2024-01-22 21:00:00-05:00,17478.0,17487.0,17469.25,17486.75,17486.75,1028
2024-01-22 21:05:00-05:00,17486.25,17487.75,17479.0,17481.75,17481.75,891
2024-01-22 21:10:00-05:00,17481.0,17485.5,17480.75,17484.5,17484.5,366
2024-01-22 21:15:00-05:00,17484.5,17487.0,17483.75,17485.0,17485.0,389
2024-01-22 21:20:00-05:00,17484.75,17485.75,17481.0,17482.0,17482.0,372
2024-01-22 21:25:00-05:00,17481.5,17484.0,17479.25,17483.25,17483.25,221
2024-01-22 21:30:00-05:00,17483.25,17485.75,17482.75,17483.25,17483.25,206
2024-01-22 21:35:00-05:00,17482.5,17483.25,17479.75,17480.25,17480.25,224
2024-01-22 21:40:00-05:00,17480.25,17480.5,17474.75,17478.5,17478.5,415
2024-01-22 21:45:00-05:00,17479.25,17480.75,17474.75,17478.0,17478.0,168
2024-01-22 21:50:00-05:00,17477.75,17479.75,17473.25,17473.75,17473.75,303
2024-01-22 21:55:00-05:00,17473.75,17474.25,17468.75,17470.25,17470.25,359
2024-01-22 22:00:00-05:00,17470.25,17474.0,17470.25,17472.5,17472.5,226
2024-01-22 22:05:00-05:00,17472.5,17472.5,17470.25,17471.5,17471.5,53
2024-01-22 22:10:00-05:00,17473.0,17473.25,17466.25,17468.5,17468.5,681
2024-01-22 22:15:00-05:00,17469.0,17479.0,17469.0,17477.5,17477.5,359
2024-01-22 22:20:00-05:00,17477.75,17484.5,17477.0,17484.0,17484.0,419
2024-01-22 22:25:00-05:00,17484.0,17485.0,17481.0,17481.25,17481.25,243
2024-01-22 22:30:00-05:00,17481.75,17483.5,17479.75,17480.25,17480.25,211
2024-01-22 22:35:00-05:00,17480.75,17483.75,17478.75,17479.25,17479.25,213
2024-01-22 22:40:00-05:00,17478.75,17478.75,17471.25,17471.25,17471.25,527
2024-01-22 22:45:00-05:00,17471.75,17475.5,17470.75,17475.0,17475.0,196
2024-01-22 22:50:00-05:00,17474.5,17474.75,17468.0,17468.5,17468.5,302
2024-01-22 22:55:00-05:00,17468.0,17470.5,17465.25,17466.25,17466.25,447
2024-01-22 23:00:00-05:00,17466.0,17477.0,17465.5,17476.75,17476.75,402
2024-01-22 23:05:00-05:00,17476.75,17477.25,17474.5,17474.75,17474.75,129
2024-01-22 23:10:00-05:00,17474.0,17478.75,17474.0,17478.25,17478.25,199
2024-01-22 23:15:00-05:00,17478.0,17479.5,17473.5,17476.0,17476.0,170
2024-01-22 23:20:00-05:00,17476.75,17480.25,17476.0,17477.5,17477.5,226
2024-01-22 23:25:00-05:00,17477.5,17480.0,17475.75,17478.25,17478.25,192
2024-01-22 23:30:00-05:00,17478.25,17478.25,17475.5,17476.0,17476.0,118
2024-01-22 23:35:00-05:00,17475.25,17477.5,17473.0,17476.25,17476.25,237
2024-01-22 23:40:00-05:00,17476.25,17478.25,17475.75,17477.0,17477.0,102
2024-01-22 23:45:00-05:00,17476.75,17479.25,17476.5,17478.5,17478.5,111
2024-01-22 23:50:00-05:00,17478.5,17479.25,17475.75,17476.5,17476.5,60
2024-01-22 23:55:00-05:00,17476.5,17476.5,17473.5,17474.25,17474.25,146
2024-01-23 00:00:00-05:00,17474.0,17474.0,17474.0,17474.0,17474.0,202
2024-01-23 00:05:00-05:00,17474.0,17480.0,17474.0,17479.75,17479.75,135
2024-01-23 00:10:00-05:00,17479.25,17480.0,17477.75,17479.0,17479.0,108
2024-01-23 00:15:00-05:00,17479.25,17480.0,17474.0,17476.5,17476.5,123
2024-01-23 00:20:00-05:00,17476.25,17479.0,17475.5,17479.0,17479.0,120
2024-01-23 00:25:00-05:00,17478.75,17479.0,17473.25,17477.25,17477.25,195
2024-01-23 00:30:00-05:00,17477.25,17478.0,17469.5,17474.75,17474.75,302
2024-01-23 00:35:00-05:00,17475.25,17478.5,17473.75,17473.75,17473.75,136
2024-01-23 00:40:00-05:00,17473.5,17475.0,17472.5,17473.0,17473.0,81
2024-01-23 00:45:00-05:00,17473.0,17473.0,17468.5,17469.5,17469.5,235
2024-01-23 00:50:00-05:00,17470.0,17471.5,17468.0,17470.0,17470.0,146
2024-01-23 00:55:00-05:00,17469.5,17474.0,17469.5,17471.25,17471.25,174
2024-01-23 01:00:00-05:00,17470.0,17475.25,17469.75,17474.25,17474.25,200
2024-01-23 01:05:00-05:00,17474.25,17474.5,17468.75,17474.0,17474.0,149
2024-01-23 01:10:00-05:00,17473.75,17475.0,17472.5,17473.5,17473.5,60
2024-01-23 01:15:00-05:00,17473.0,17477.0,17473.0,17476.75,17476.75,124
2024-01-23 01:20:00-05:00,17477.0,17478.0,17473.75,17475.0,17475.0,143
2024-01-23 01:25:00-05:00,17474.75,17476.5,17473.75,17475.75,17475.75,44
2024-01-23 01:30:00-05:00,17475.75,17476.0,17471.75,17475.75,17475.75,118
2024-01-23 01:35:00-05:00,17476.0,17476.0,17471.5,17473.5,17473.5,111
2024-01-23 01:40:00-05:00,17474.0,17476.0,17471.0,17471.25,17471.25,136
2024-01-23 01:45:00-05:00,17471.75,17480.75,17471.5,17478.0,17478.0,312
2024-01-23 01:50:00-05:00,17478.25,17480.0,17472.75,17473.75,17473.75,214
2024-01-23 01:55:00-05:00,17474.25,17479.0,17474.0,17476.75,17476.75,215
2024-01-23 02:00:00-05:00,17477.0,17483.75,17475.75,17482.5,17482.5,344
2024-01-23 02:05:00-05:00,17482.5,17486.5,17482.0,17484.5,17484.5,360
2024-01-23 02:10:00-05:00,17486.0,17486.5,17482.5,17486.0,17486.0,398
2024-01-23 02:15:00-05:00,17485.75,17486.5,17480.75,17485.0,17485.0,256
2024-01-23 02:20:00-05:00,17485.25,17487.25,17482.0,17483.25,17483.25,185
2024-01-23 02:25:00-05:00,17482.5,17484.25,17479.75,17483.75,17483.75,297
2024-01-23 02:30:00-05:00,17483.75,17483.75,17474.0,17475.25,17475.25,536
2024-01-23 02:35:00-05:00,17475.0,17481.75,17472.75,17481.25,17481.25,665
2024-01-23 02:40:00-05:00,17480.5,17481.5,17475.0,17476.75,17476.75,219
2024-01-23 02:45:00-05:00,17476.75,17478.75,17472.5,17474.25,17474.25,225
2024-01-23 02:50:00-05:00,17474.25,17479.25,17474.0,17478.0,17478.0,269
2024-01-23 02:55:00-05:00,17478.5,17480.5,17475.75,17479.75,17479.75,172
2024-01-23 03:00:00-05:00,17480.25,17482.25,17471.75,17475.5,17475.5,635
2024-01-23 03:05:00-05:00,17476.0,17482.5,17473.5,17479.0,17479.0,645
2024-01-23 03:10:00-05:00,17478.25,17479.75,17461.25,17464.5,17464.5,985
2024-01-23 03:15:00-05:00,17465.75,17467.0,17447.5,17452.25,17452.25,1416
2024-01-23 03:20:00-05:00,17452.75,17453.25,17437.25,17440.25,17440.25,1439
2024-01-23 03:25:00-05:00,17440.75,17443.0,17436.25,17440.75,17440.75,754
2024-01-23 03:30:00-05:00,17440.75,17443.5,17440.75,17442.5,17442.5,189
2024-01-23 03:40:00-05:00,17425.80078125,17440.25,17420.5,17437.75,17437.75,3345
2024-01-23 03:45:00-05:00,17438.0,17439.0,17430.75,17432.25,17432.25,642
2024-01-23 03:50:00-05:00,17432.5,17437.0,17430.25,17433.75,17433.75,425
2024-01-23 03:55:00-05:00,17434.25,17438.0,17432.25,17437.5,17437.5,352
2024-01-23 04:00:00-05:00,17437.25,17453.0,17433.75,17445.0,17445.0,1351
2024-01-23 04:05:00-05:00,17444.5,17449.25,17441.0,17447.75,17447.75,521
2024-01-23 04:10:00-05:00,17448.0,17459.25,17448.0,17456.5,17456.5,816
2024-01-23 04:15:00-05:00,17456.0,17463.5,17454.5,17460.0,17460.0,617
2024-01-23 04:20:00-05:00,17460.5,17465.5,17458.0,17465.25,17465.25,650
2024-01-23 04:25:00-05:00,17464.5,17464.5,17454.0,17456.0,17456.0,651
2024-01-23 04:30:00-05:00,17455.75,17465.0,17454.0,17458.5,17458.5,794
2024-01-23 04:35:00-05:00,17458.0,17463.0,17451.75,17459.25,17459.25,783
2024-01-23 04:40:00-05:00,17459.0,17466.75,17456.25,17466.75,17466.75,483
2024-01-23 04:45:00-05:00,17466.75,17466.75,17461.0,17464.5,17464.5,461
2024-01-23 04:50:00-05:00,17465.0,17465.25,17461.75,17463.25,17463.25,211
2024-01-23 04:55:00-05:00,17462.75,17465.0,17462.0,17463.25,17463.25,246
2024-01-23 05:00:00-05:00,17463.0,17463.5,17452.75,17453.25,17453.25,456
2024-01-23 05:05:00-05:00,17453.25,17453.75,17441.5,17442.75,17442.75,1026
2024-01-23 05:10:00-05:00,17442.75,17443.0,17436.25,17441.5,17441.5,799
2024-01-23 05:15:00-05:00,17441.5,17453.75,17439.75,17452.25,17452.25,905
2024-01-23 05:20:00-05:00,17452.0,17457.25,17451.5,17454.75,17454.75,399
2024-01-23 05:25:00-05:00,17455.25,17457.25,17453.25,17453.75,17453.75,228
2024-01-23 05:30:00-05:00,17453.5,17453.5,17453.25,17453.25,17453.25,4
2024-01-23 05:40:00-05:00,17443.80078125,17455.5,17443.5,17447.75,17447.75,1791
2024-01-23 05:45:00-05:00,17448.0,17453.25,17447.0,17449.5,17449.5,339
2024-01-23 05:50:00-05:00,17449.25,17450.25,17443.25,17445.0,17445.0,324
2024-01-23 05:55:00-05:00,17444.25,17448.5,17442.0,17448.5,17448.5,321
2024-01-23 06:00:00-05:00,17448.5,17460.0,17448.5,17457.75,17457.75,905
2024-01-23 06:05:00-05:00,17458.25,17461.0,17455.25,17457.25,17457.25,375
2024-01-23 06:10:00-05:00,17458.0,17460.25,17455.0,17458.75,17458.75,366
2024-01-23 06:15:00-05:00,17458.5,17460.0,17454.5,17455.5,17455.5,258
2024-01-23 06:20:00-05:00,17451.25,17453.0,17448.75,17452.5,17452.5,727
2024-01-23 06:25:00-05:00,17453.0,17456.0,17450.5,17451.75,17451.75,625
2024-01-23 06:30:00-05:00,17451.0,17464.25,17450.5,17463.0,17463.0,1166
2024-01-23 06:35:00-05:00,17463.25,17469.5,17463.25,17468.25,17468.25,712
2024-01-23 06:40:00-05:00,17468.5,17472.25,17462.75,17471.25,17471.25,696
2024-01-23 06:45:00-05:00,17471.5,17473.0,17466.25,17469.0,17469.0,626
2024-01-23 06:50:00-05:00,17469.5,17473.25,17466.25,17473.25,17473.25,508
2024-01-23 06:55:00-05:00,17473.5,17478.0,17470.5,17474.25,17474.25,864
2024-01-23 07:00:00-05:00,17474.0,17476.5,17469.25,17475.25,17475.25,629
2024-01-23 07:05:00-05:00,17475.75,17479.0,17474.25,17475.75,17475.75,549
2024-01-23 07:10:00-05:00,17476.25,17480.5,17474.25,17477.0,17477.0,376
2024-01-23 07:15:00-05:00,17476.25,17476.75,17470.0,17474.0,17474.0,530
2024-01-23 07:20:00-05:00,17474.0,17478.25,17473.75,17473.75,17473.75,371
2024-01-23 07:25:00-05:00,17473.5,17474.25,17467.75,17471.0,17471.0,528
2024-01-23 07:30:00-05:00,17470.25,17475.0,17469.0,17473.0,17473.0,441
2024-01-23 07:35:00-05:00,17473.0,17482.25,17471.25,17481.5,17481.5,618
2024-01-23 07:40:00-05:00,17482.0,17487.75,17474.0,17475.5,17475.5,1399
2024-01-23 07:45:00-05:00,17475.75,17477.0,17469.0,17470.0,17470.0,977
2024-01-23 07:50:00-05:00,17469.75,17476.25,17466.25,17475.25,17475.25,919
2024-01-23 07:55:00-05:00,17475.0,17482.0,17474.75,17481.5,17481.5,689
2024-01-23 08:00:00-05:00,17481.75,17493.25,17480.75,17488.0,17488.0,1870
2024-01-23 08:05:00-05:00,17488.25,17490.5,17484.0,17490.5,17490.5,682
2024-01-23 08:10:00-05:00,17490.0,17491.0,17482.0,17488.0,17488.0,763
2024-01-23 08:15:00-05:00,17487.25,17495.75,17486.5,17493.0,17493.0,1140
2024-01-23 08:20:00-05:00,17493.25,17505.25,17492.25,17502.0,17502.0,1619
2024-01-23 08:25:00-05:00,17501.5,17508.25,17498.5,17507.5,17507.5,1004
2024-01-23 08:30:00-05:00,17507.5,17510.75,17499.0,17504.75,17504.75,1356
2024-01-23 08:35:00-05:00,17505.25,17524.25,17504.25,17520.75,17520.75,2453
2024-01-23 08:40:00-05:00,17520.5,17525.5,17519.25,17521.0,17521.0,1542
2024-01-23 08:45:00-05:00,17521.25,17522.0,17503.75,17508.25,17508.25,3014
2024-01-23 08:50:00-05:00,17508.0,17509.0,17501.25,17508.25,17508.25,1323
2024-01-23 08:55:00-05:00,17507.75,17508.25,17495.0,17500.0,17500.0,1857
2024-01-23 09:00:00-05:00,17499.5,17500.0,17493.75,17496.0,17496.0,1145
2024-01-23 09:05:00-05:00,17497.0,17501.0,17482.0,17483.0,17483.0,2395
2024-01-23 09:10:00-05:00,17483.25,17492.25,17482.5,17491.5,17491.5,1266
2024-01-23 09:15:00-05:00,17491.25,17492.0,17483.25,17486.5,17486.5,1082
2024-01-23 09:20:00-05:00,17486.25,17487.0,17480.75,17481.25,17481.25,555
2024-01-23 09:25:00-05:00,17481.0,17493.0,17475.0,17488.25,17488.25,4516
2024-01-23 09:30:00-05:00,17487.5,17488.0,17415.5,17420.75,17420.75,20045
2024-01-23 09:35:00-05:00,17420.5,17464.0,17409.5,17455.0,17455.0,16801
2024-01-23 09:40:00-05:00,17455.75,17471.75,17451.0,17456.75,17456.75,11403
2024-01-23 09:45:00-05:00,17456.5,17474.5,17449.75,17470.75,17470.75,8477
2024-01-23 09:50:00-05:00,17471.5,17482.75,17464.25,17478.75,17478.75,8794
2024-01-23 09:55:00-05:00,17478.0,17487.25,17464.5,17473.75,17473.75,6740
2024-01-23 10:00:00-05:00,17473.75,17484.5,17460.0,17465.0,17465.0,7041
2024-01-23 10:05:00-05:00,17465.25,17479.5,17456.75,17466.75,17466.75,6904
2024-01-23 10:10:00-05:00,17466.5,17484.5,17461.0,17478.0,17478.0,6906
2024-01-23 10:15:00-05:00,17477.5,17481.25,17451.0,17460.75,17460.75,7261
2024-01-23 10:20:00-05:00,17460.75,17461.75,17428.0,17440.5,17440.5,9995
2024-01-23 10:25:00-05:00,17440.75,17468.25,17434.5,17465.0,17465.0,8688
2024-01-23 10:30:00-05:00,17465.25,17466.75,17447.75,17453.25,17453.25,5926
2024-01-23 10:35:00-05:00,17452.75,17473.75,17450.75,17472.75,17472.75,6993
2024-01-23 10:40:00-05:00,17472.75,17476.5,17460.0,17466.0,17466.0,5666
2024-01-23 10:45:00-05:00,17465.0,17468.75,17453.25,17458.25,17458.25,6514
2024-01-23 10:50:00-05:00,17458.25,17461.0,17442.5,17449.5,17449.5,6079
2024-01-23 10:55:00-05:00,17450.0,17459.25,17446.5,17452.5,17452.5,4015
2024-01-23 11:00:00-05:00,17453.0,17472.0,17446.5,17469.0,17469.0,5226
2024-01-23 11:05:00-05:00,17468.75,17479.0,17465.25,17469.25,17469.25,4559
2024-01-23 11:10:00-05:00,17469.0,17473.75,17453.5,17456.0,17456.0,4944
2024-01-23 11:15:00-05:00,17455.75,17459.5,17435.0,17444.5,17444.5,7139
2024-01-23 11:20:00-05:00,17444.25,17454.75,17439.5,17443.5,17443.5,4890
2024-01-23 11:25:00-05:00,17443.5,17448.25,17436.5,17441.75,17441.75,4076
2024-01-23 11:30:00-05:00,17441.75,17442.75,17427.5,17430.0,17430.0,5146
2024-01-23 11:35:00-05:00,17430.0,17446.5,17427.75,17440.25,17440.25,4928
2024-01-23 11:40:00-05:00,17440.5,17450.0,17433.25,17449.25,17449.25,3642
2024-01-23 11:45:00-05:00,17449.5,17458.5,17445.25,17446.0,17446.0,4107
2024-01-23 11:50:00-05:00,17446.0,17465.25,17446.0,17464.0,17464.0,3580
2024-01-23 11:55:00-05:00,17464.25,17468.75,17458.25,17467.0,17467.0,3984
2024-01-23 12:00:00-05:00,17466.75,17469.25,17452.5,17458.0,17458.0,3414
2024-01-23 12:05:00-05:00,17458.25,17460.5,17451.0,17458.0,17458.0,2459
2024-01-23 12:10:00-05:00,17458.0,17464.25,17453.5,17459.25,17459.25,2342
2024-01-23 12:15:00-05:00,17459.0,17459.75,17450.5,17454.0,17454.0,2073
2024-01-23 12:20:00-05:00,17453.75,17458.0,17441.75,17445.75,17445.75,2857
2024-01-23 12:25:00-05:00,17446.0,17454.5,17444.25,17451.25,17451.25,2060
2024-01-23 12:30:00-05:00,17450.75,17455.25,17446.25,17447.5,17447.5,1754
2024-01-23 12:35:00-05:00,17447.75,17457.0,17443.75,17452.5,17452.5,2114
2024-01-23 12:40:00-05:00,17452.75,17456.0,17448.25,17452.25,17452.25,1500
2024-01-23 12:45:00-05:00,17452.25,17466.0,17451.5,17463.25,17463.25,2420
2024-01-23 12:50:00-05:00,17463.25,17480.5,17463.25,17480.0,17480.0,4430
2024-01-23 12:55:00-05:00,17479.75,17494.0,17477.25,17489.5,17489.5,4966
2024-01-23 13:00:00-05:00,17489.75,17493.0,17480.5,17483.0,17483.0,3877
2024-01-23 13:05:00-05:00,17482.5,17485.25,17474.25,17477.0,17477.0,3488
2024-01-23 13:10:00-05:00,17477.25,17482.0,17474.5,17476.5,17476.5,2046
2024-01-23 13:15:00-05:00,17476.5,17485.25,17474.75,17483.5,17483.5,2434
2024-01-23 13:20:00-05:00,17484.0,17489.75,17478.75,17479.0,17479.0,2633
2024-01-23 13:25:00-05:00,17479.0,17485.0,17474.75,17476.5,17476.5,2133
2024-01-23 13:30:00-05:00,17477.0,17478.75,17464.5,17470.5,17470.5,3309
2024-01-23 13:35:00-05:00,17470.5,17472.5,17460.0,17463.0,17463.0,2884
2024-01-23 13:40:00-05:00,17462.75,17471.75,17462.0,17470.0,17470.0,2666
2024-01-23 13:45:00-05:00,17470.0,17482.25,17468.25,17481.0,17481.0,3578
2024-01-23 13:50:00-05:00,17481.25,17487.75,17479.75,17482.5,17482.5,2762
2024-01-23 13:55:00-05:00,17482.75,17485.25,17470.75,17481.75,17481.75,3443
2024-01-23 14:00:00-05:00,17481.75,17487.25,17475.25,17476.5,17476.5,3011
2024-01-23 14:05:00-05:00,17476.25,17476.75,17467.25,17472.0,17472.0,2812
2024-01-23 14:10:00-05:00,17471.75,17483.5,17470.5,17474.5,17474.5,2752
2024-01-23 14:15:00-05:00,17474.5,17475.0,17466.5,17473.5,17473.5,2281
2024-01-23 14:20:00-05:00,17473.5,17477.5,17471.25,17473.75,17473.75,1698
2024-01-23 14:25:00-05:00,17473.75,17474.5,17466.0,17473.25,17473.25,2088
2024-01-23 14:30:00-05:00,17472.5,17474.0,17464.5,17468.5,17468.5,2050
2024-01-23 14:35:00-05:00,17471.75,17479.25,17471.0,17476.75,17476.75,2350
2024-01-23 14:40:00-05:00,17477.0,17485.25,17476.75,17483.25,17483.25,2287
2024-01-23 14:45:00-05:00,17483.75,17499.5,17483.5,17489.25,17489.25,5230
2024-01-23 14:50:00-05:00,17490.0,17492.5,17484.0,17492.0,17492.0,2809
2024-01-23 14:55:00-05:00,17491.75,17500.75,17491.5,17494.5,17494.5,3937
2024-01-23 15:00:00-05:00,17494.5,17501.5,17489.75,17496.0,17496.0,3551
2024-01-23 15:05:00-05:00,17496.75,17508.5,17493.75,17502.75,17502.75,3685
2024-01-23 15:10:00-05:00,17502.75,17522.75,17502.75,17517.75,17517.75,5707
2024-01-23 15:15:00-05:00,17517.5,17520.0,17506.75,17514.75,17514.75,3896
2024-01-23 15:20:00-05:00,17515.0,17519.25,17510.5,17511.0,17511.0,3179
2024-01-23 15:25:00-05:00,17510.5,17512.5,17506.5,17509.5,17509.5,2838
2024-01-23 15:30:00-05:00,17509.75,17514.5,17504.25,17507.75,17507.75,4423
2024-01-23 15:35:00-05:00,17508.0,17508.0,17499.5,17500.75,17500.75,2982
2024-01-23 15:40:00-05:00,17500.5,17503.0,17497.0,17502.5,17502.5,1416
2024-01-23 15:45:00-05:00,17510.5,17514.25,17499.75,17503.25,17503.25,6426
2024-01-23 15:50:00-05:00,17503.25,17533.0,17501.25,17532.25,17532.25,8919
2024-01-23 15:55:00-05:00,17532.0,17539.0,17526.25,17529.5,17529.5,16323
2024-01-23 16:00:00-05:00,17529.5,17555.0,17523.5,17531.25,17531.25,12550
2024-01-23 16:05:00-05:00,17531.75,17532.75,17510.25,17520.5,17520.5,3884
2024-01-23 16:10:00-05:00,17520.5,17532.25,17516.5,17531.75,17531.75,2058
2024-01-23 16:15:00-05:00,17532.0,17540.5,17528.75,17539.0,17539.0,1238
2024-01-23 16:20:00-05:00,17539.0,17539.0,17534.0,17537.25,17537.25,588
2024-01-23 16:25:00-05:00,17537.0,17542.0,17535.75,17541.5,17541.5,464
2024-01-23 16:30:00-05:00,17542.0,17545.5,17540.0,17545.0,17545.0,629
2024-01-23 16:35:00-05:00,17544.5,17547.75,17543.0,17547.0,17547.0,470
2024-01-23 16:40:00-05:00,17547.0,17555.75,17545.5,17554.25,17554.25,1091
2024-01-23 16:45:00-05:00,17554.0,17556.75,17550.75,17556.75,17556.75,688
2024-01-23 16:50:00-05:00,17556.5,17558.25,17553.75,17554.5,17554.5,575
2024-01-23 16:55:00-05:00,17554.5,17556.0,17551.5,17552.5,17552.5,594
2024-01-23 18:00:00-05:00,17554.0,17567.75,17552.25,17565.5,17565.5,0
2024-01-23 18:05:00-05:00,17565.0,17576.75,17564.5,17571.5,17571.5,948
2024-01-23 18:10:00-05:00,17572.0,17576.75,17569.75,17573.5,17573.5,560
2024-01-23 18:15:00-05:00,17572.75,17575.5,17572.0,17572.75,17572.75,210
2024-01-23 18:20:00-05:00,17572.75,17576.0,17571.75,17573.75,17573.75,191
2024-01-23 18:25:00-05:00,17573.5,17574.5,17572.0,17573.0,17573.0,169
2024-01-23 18:30:00-05:00,17572.75,17575.0,17571.25,17573.25,17573.25,258
2024-01-23 18:35:00-05:00,17573.5,17577.75,17573.25,17575.5,17575.5,395
2024-01-23 18:40:00-05:00,17575.5,17577.5,17573.75,17573.75,17573.75,235
2024-01-23 18:45:00-05:00,17574.0,17576.0,17573.0,17574.25,17574.25,201
2024-01-23 18:50:00-05:00,17574.0,17575.5,17572.5,17574.75,17574.75,171
2024-01-23 18:55:00-05:00,17575.0,17577.75,17574.75,17576.25,17576.25,216
2024-01-23 19:00:00-05:00,17575.75,17576.5,17572.5,17573.5,17573.5,290
2024-01-23 19:05:00-05:00,17574.0,17574.25,17570.5,17572.0,17572.0,270
2024-01-23 19:10:00-05:00,17572.5,17573.5,17572.0,17572.0,17572.0,136
2024-01-23 19:15:00-05:00,17572.0,17578.25,17571.75,17578.0,17578.0,528
2024-01-23 19:20:00-05:00,17577.75,17578.5,17575.25,17575.75,17575.75,192
2024-01-23 19:25:00-05:00,17575.75,17576.0,17572.0,17572.75,17572.75,312
2024-01-23 19:30:00-05:00,17572.5,17574.25,17570.5,17570.75,17570.75,226
2024-01-23 19:35:00-05:00,17571.0,17574.5,17570.5,17573.0,17573.0,249
2024-01-23 19:40:00-05:00,17573.25,17576.0,17573.25,17575.5,17575.5,136
2024-01-23 19:45:00-05:00,17575.75,17577.5,17574.0,17576.25,17576.25,176
2024-01-23 19:50:00-05:00,17576.75,17583.5,17575.75,17582.75,17582.75,660
2024-01-23 19:55:00-05:00,17583.0,17588.5,17580.75,17585.25,17585.25,855
2024-01-23 20:00:00-05:00,17584.75,17585.0,17573.5,17574.0,17574.0,892
2024-01-23 20:05:00-05:00,17574.0,17575.0,17572.25,17573.0,17573.0,334
2024-01-23 20:10:00-05:00,17573.5,17577.75,17572.75,17574.25,17574.25,402
2024-01-23 20:15:00-05:00,17574.5,17575.5,17569.0,17572.0,17572.0,567
2024-01-23 20:20:00-05:00,17572.25,17574.25,17568.75,17572.5,17572.5,284
2024-01-23 20:25:00-05:00,17572.5,17574.75,17571.75,17573.75,17573.75,200
2024-01-23 20:30:00-05:00,17574.25,17578.75,17573.75,17578.5,17578.5,371
2024-01-23 20:35:00-05:00,17578.75,17582.75,17577.0,17579.25,17579.25,443
2024-01-23 20:40:00-05:00,17579.5,17583.25,17577.25,17579.5,17579.5,379
2024-01-23 20:45:00-05:00,17579.5,17581.5,17576.5,17581.0,17581.0,272
2024-01-23 20:50:00-05:00,17581.0,17583.5,17579.75,17582.5,17582.5,308
2024-01-23 20:55:00-05:00,17582.5,17584.0,17580.5,17582.5,17582.5,407
2024-01-23 21:00:00-05:00,17582.5,17587.0,17581.75,17583.5,17583.5,526
2024-01-23 21:05:00-05:00,17583.0,17585.5,17579.75,17585.25,17585.25,334
2024-01-23 21:10:00-05:00,17585.25,17585.25,17579.75,17579.75,17579.75,245
2024-01-23 21:15:00-05:00,17579.75,17580.0,17575.25,17576.25,17576.25,359
2024-01-23 21:20:00-05:00,17576.25,17580.0,17575.5,17580.0,17580.0,226
2024-01-23 21:25:00-05:00,17580.5,17581.25,17578.5,17580.25,17580.25,196
2024-01-23 21:30:00-05:00,17581.5,17582.5,17579.5,17581.25,17581.25,230
2024-01-23 21:35:00-05:00,17582.0,17583.0,17578.25,17580.75,17580.75,232
2024-01-23 21:40:00-05:00,17580.75,17581.25,17577.75,17580.5,17580.5,128
2024-01-23 21:45:00-05:00,17580.0,17582.0,17578.75,17581.5,17581.5,111
2024-01-23 21:50:00-05:00,17581.5,17583.5,17580.75,17583.5,17583.5,158
2024-01-23 21:55:00-05:00,17583.5,17586.25,17581.75,17586.25,17586.25,278
2024-01-23 22:00:00-05:00,17586.0,17587.5,17584.5,17587.25,17587.25,263
2024-01-23 22:05:00-05:00,17587.75,17588.5,17585.0,17586.25,17586.25,372
2024-01-23 22:10:00-05:00,17586.75,17593.25,17585.0,17591.75,17591.75,522
2024-01-23 22:15:00-05:00,17591.75,17596.5,17591.25,17596.0,17596.0,514
2024-01-23 22:20:00-05:00,17595.75,17597.25,17594.0,17596.0,17596.0,321
2024-01-23 22:25:00-05:00,17596.0,17597.0,17591.5,17592.25,17592.25,411
2024-01-23 22:30:00-05:00,17593.0,17595.5,17592.25,17593.5,17593.5,222
2024-01-23 22:35:00-05:00,17594.5,17595.25,17593.0,17594.5,17594.5,184
2024-01-23 22:40:00-05:00,17594.75,17594.75,17591.75,17592.0,17592.0,297
2024-01-23 22:45:00-05:00,17592.25,17592.5,17589.25,17590.5,17590.5,401
2024-01-23 22:50:00-05:00,17591.25,17592.5,17588.0,17588.75,17588.75,356
2024-01-23 22:55:00-05:00,17589.5,17594.25,17588.0,17593.5,17593.5,311
2024-01-23 23:00:00-05:00,17593.75,17594.5,17591.0,17591.75,17591.75,160
2024-01-23 23:05:00-05:00,17591.75,17593.25,17589.75,17592.25,17592.25,192
2024-01-23 23:10:00-05:00,17592.25,17592.5,17588.25,17589.25,17589.25,153
2024-01-23 23:15:00-05:00,17588.75,17591.0,17588.75,17589.75,17589.75,109
2024-01-23 23:20:00-05:00,17589.25,17593.0,17588.75,17592.0,17592.0,158
2024-01-23 23:25:00-05:00,17592.5,17594.0,17591.25,17593.25,17593.25,174
2024-01-23 23:30:00-05:00,17593.5,17594.0,17592.75,17593.25,17593.25,127
2024-01-23 23:35:00-05:00,17593.25,17596.5,17592.75,17594.25,17594.25,257
2024-01-23 23:40:00-05:00,17594.25,17594.5,17592.5,17593.75,17593.75,113
2024-01-23 23:45:00-05:00,17594.5,17595.25,17593.25,17593.75,17593.75,99
2024-01-23 23:50:00-05:00,17593.25,17594.5,17591.5,17591.5,17591.5,115
2024-01-23 23:55:00-05:00,17591.5,17593.75,17591.25,17593.75,17593.75,81
2024-01-24 00:00:00-05:00,17594.5,17594.5,17594.5,17594.5,17594.5,256
2024-01-24 00:05:00-05:00,17594.5,17596.25,17594.5,17596.25,17596.25,216
2024-01-24 00:10:00-05:00,17595.5,17596.25,17592.5,17594.0,17594.0,169
2024-01-24 00:15:00-05:00,17594.0,17595.0,17591.0,17593.75,17593.75,165
2024-01-24 00:20:00-05:00,17593.0,17596.75,17592.5,17594.5,17594.5,172
2024-01-24 00:25:00-05:00,17594.5,17602.5,17594.5,17602.0,17602.0,673
2024-01-24 00:30:00-05:00,17602.25,17606.0,17599.5,17605.0,17605.0,432
2024-01-24 00:35:00-05:00,17605.0,17609.5,17603.5,17606.75,17606.75,468
2024-01-24 00:40:00-05:00,17607.0,17608.25,17605.5,17605.75,17605.75,233
2024-01-24 00:45:00-05:00,17606.25,17607.0,17604.0,17607.0,17607.0,232
2024-01-24 00:50:00-05:00,17606.75,17606.75,17603.75,17605.75,17605.75,192
2024-01-24 00:55:00-05:00,17605.25,17606.5,17603.0,17603.25,17603.25,254
2024-01-24 01:00:00-05:00,17603.5,17612.5,17600.75,17606.0,17606.0,1259
2024-01-24 01:05:00-05:00,17606.5,17613.75,17606.5,17611.0,17611.0,656
2024-01-24 01:10:00-05:00,17611.0,17617.5,17610.5,17616.25,17616.25,688
2024-01-24 01:15:00-05:00,17616.25,17617.75,17614.0,17616.75,17616.75,327
2024-01-24 01:20:00-05:00,17616.25,17621.75,17614.25,17619.75,17619.75,642
2024-01-24 01:25:00-05:00,17620.0,17621.0,17615.75,17615.75,17615.75,301
2024-01-24 01:30:00-05:00,17616.5,17618.25,17612.0,17614.0,17614.0,513
2024-01-24 01:35:00-05:00,17613.25,17617.75,17613.0,17617.5,17617.5,258
2024-01-24 01:40:00-05:00,17617.5,17618.5,17614.25,17617.5,17617.5,215
2024-01-24 01:45:00-05:00,17617.5,17620.0,17615.75,17620.0,17620.0,311
2024-01-24 01:50:00-05:00,17619.75,17631.5,17619.75,17628.75,17628.75,1302
2024-01-24 01:55:00-05:00,17628.5,17629.75,17620.25,17620.25,17620.25,703
2024-01-24 02:00:00-05:00,17620.25,17625.25,17617.0,17625.25,17625.25,2148
2024-01-24 02:05:00-05:00,17625.5,17628.0,17622.75,17624.0,17624.0,846
2024-01-24 02:10:00-05:00,17624.5,17627.25,17620.25,17626.0,17626.0,439
2024-01-24 02:15:00-05:00,17625.75,17628.25,17620.5,17622.25,17622.25,446
2024-01-24 02:20:00-05:00,17622.0,17626.0,17620.0,17623.25,17623.25,354
2024-01-24 02:25:00-05:00,17624.5,17625.25,17618.5,17621.0,17621.0,323
2024-01-24 02:30:00-05:00,17621.25,17626.0,17620.5,17626.0,17626.0,408
2024-01-24 02:35:00-05:00,17626.25,17636.75,17624.25,17636.0,17636.0,1535
2024-01-24 02:40:00-05:00,17636.5,17641.5,17635.5,17640.25,17640.25,1182
2024-01-24 02:45:00-05:00,17640.75,17641.25,17627.75,17630.25,17630.25,1072
2024-01-24 02:50:00-05:00,17630.5,17631.25,17625.0,17625.5,17625.5,667
2024-01-24 02:55:00-05:00,17625.25,17633.5,17625.0,17633.0,17633.0,1247
2024-01-24 03:00:00-05:00,17633.0,17638.5,17629.0,17636.25,17636.25,1455
2024-01-24 03:05:00-05:00,17636.75,17638.0,17632.5,17633.25,17633.25,1005
2024-01-24 03:10:00-05:00,17633.0,17638.5,17630.75,17633.5,17633.5,806
2024-01-24 03:15:00-05:00,17634.25,17637.25,17631.0,17636.0,17636.0,630
2024-01-24 03:20:00-05:00,17636.25,17641.0,17634.0,17634.75,17634.75,780
2024-01-24 03:25:00-05:00,17635.0,17635.25,17628.25,17632.25,17632.25,758
2024-01-24 03:30:00-05:00,17632.5,17638.0,17632.0,17637.5,17637.5,202
2024-01-24 03:40:00-05:00,17642.0,17646.5,17639.0,17639.25,17639.25,2381
2024-01-24 03:45:00-05:00,17639.5,17641.25,17635.5,17637.25,17637.25,630
2024-01-24 03:50:00-05:00,17637.5,17648.75,17637.5,17648.0,17648.0,1005
2024-01-24 03:55:00-05:00,17648.0,17653.25,17645.5,17649.5,17649.5,1321
2024-01-24 04:00:00-05:00,17649.0,17653.25,17645.25,17649.0,17649.0,859
2024-01-24 04:05:00-05:00,17649.5,17656.0,17646.25,17653.5,17653.5,711
2024-01-24 04:10:00-05:00,17653.0,17653.5,17646.5,17647.0,17647.0,550
2024-01-24 04:15:00-05:00,17647.25,17648.25,17643.0,17647.75,17647.75,813
2024-01-24 04:20:00-05:00,17647.75,17663.25,17647.75,17660.25,17660.25,1365
2024-01-24 04:25:00-05:00,17660.0,17665.25,17656.5,17656.5,17656.5,1196
2024-01-24 04:30:00-05:00,17656.5,17660.75,17654.25,17660.25,17660.25,720
2024-01-24 04:35:00-05:00,17660.0,17664.0,17657.25,17661.75,17661.75,594
2024-01-24 04:40:00-05:00,17662.25,17666.25,17661.0,17662.25,17662.25,689
2024-01-24 04:45:00-05:00,17662.25,17662.5,17658.5,17661.75,17661.75,555
2024-01-24 04:50:00-05:00,17661.75,17663.75,17656.5,17659.75,17659.75,413
2024-01-24 04:55:00-05:00,17659.5,17663.5,17658.0,17661.0,17661.0,435
2024-01-24 05:00:00-05:00,17661.25,17663.75,17660.25,17663.25,17663.25,383
2024-01-24 05:05:00-05:00,17663.0,17665.0,17658.0,17659.0,17659.0,640
2024-01-24 05:10:00-05:00,17659.25,17659.75,17654.5,17656.0,17656.0,437
2024-01-24 05:15:00-05:00,17656.0,17659.0,17650.75,17651.5,17651.5,588
2024-01-24 05:20:00-05:00,17651.75,17652.5,17647.75,17649.0,17649.0,693
2024-01-24 05:25:00-05:00,17649.0,17651.75,17646.75,17649.75,17649.75,530
2024-01-24 05:30:00-05:00,17649.5,17653.5,17648.0,17651.25,17651.25,516
2024-01-24 05:35:00-05:00,17650.75,17655.0,17650.0,17653.25,17653.25,520
2024-01-24 05:40:00-05:00,17653.5,17654.5,17651.0,17652.25,17652.25,373
2024-01-24 05:45:00-05:00,17652.75,17652.75,17646.0,17650.0,17650.0,648
2024-01-24 05:50:00-05:00,17649.5,17649.75,17642.25,17645.75,17645.75,523
2024-01-24 05:55:00-05:00,17646.25,17652.0,17646.0,17651.0,17651.0,677
2024-01-24 06:00:00-05:00,17651.0,17654.75,17646.0,17647.25,17647.25,967
2024-01-24 06:05:00-05:00,17647.0,17656.5,17644.5,17655.25,17655.25,819
2024-01-24 06:10:00-05:00,17655.25,17662.25,17655.25,17661.0,17661.0,845
2024-01-24 06:15:00-05:00,17661.0,17661.25,17652.5,17652.5,17652.5,492
2024-01-24 06:20:00-05:00,17652.5,17653.0,17645.5,17649.0,17649.0,737
2024-01-24 06:25:00-05:00,17648.5,17648.5,17642.75,17648.0,17648.0,717
2024-01-24 06:30:00-05:00,17648.25,17651.0,17645.25,17647.0,17647.0,369
2024-01-24 06:35:00-05:00,17646.75,17649.5,17645.5,17647.5,17647.5,362
2024-01-24 06:40:00-05:00,17647.5,17650.0,17644.25,17647.5,17647.5,363
2024-01-24 06:45:00-05:00,17647.25,17650.75,17643.75,17650.75,17650.75,510
2024-01-24 06:50:00-05:00,17651.0,17653.5,17647.25,17649.0,17649.0,524
2024-01-24 06:55:00-05:00,17649.0,17650.0,17645.0,17645.75,17645.75,375
2024-01-24 07:00:00-05:00,17645.25,17649.25,17641.25,17645.75,17645.75,1019
2024-01-24 07:05:00-05:00,17645.75,17647.75,17642.75,17647.0,17647.0,478
2024-01-24 07:10:00-05:00,17647.5,17654.25,17646.75,17651.75,17651.75,668
2024-01-24 07:15:00-05:00,17652.25,17654.5,17647.5,17649.75,17649.75,671
2024-01-24 07:20:00-05:00,17649.5,17656.0,17649.0,17655.0,17655.0,545
2024-01-24 07:25:00-05:00,17655.0,17655.25,17649.25,17651.75,17651.75,443
2024-01-24 07:30:00-05:00,17651.5,17657.25,17651.5,17656.75,17656.75,630
2024-01-24 07:35:00-05:00,17657.0,17671.25,17655.25,17667.75,17667.75,1589
2024-01-24 07:40:00-05:00,17667.75,17668.5,17661.75,17662.5,17662.5,1008
2024-01-24 07:45:00-05:00,17662.75,17666.75,17660.25,17665.5,17665.5,695
2024-01-24 07:50:00-05:00,17664.75,17668.5,17661.5,17661.75,17661.75,760
2024-01-24 07:55:00-05:00,17661.75,17665.25,17658.25,17663.0,17663.0,748
2024-01-24 08:00:00-05:00,17663.0,17677.0,17662.0,17675.25,17675.25,1734
2024-01-24 08:05:00-05:00,17674.5,17683.0,17672.5,17676.5,17676.5,2796
2024-01-24 08:10:00-05:00,17676.75,17688.75,17676.25,17685.25,17685.25,2334
2024-01-24 08:15:00-05:00,17685.25,17686.25,17678.5,17683.25,17683.25,1333
2024-01-24 08:20:00-05:00,17683.0,17687.5,17681.25,17686.0,17686.0,1135
2024-01-24 08:25:00-05:00,17685.75,17690.5,17680.75,17688.25,17688.25,1423
2024-01-24 08:30:00-05:00,17688.25,17692.25,17686.5,17688.5,17688.5,1255
2024-01-24 08:35:00-05:00,17689.0,17690.5,17675.25,17679.75,17679.75,1917
2024-01-24 08:40:00-05:00,17679.5,17680.0,17671.25,17671.75,17671.75,1264
2024-01-24 08:45:00-05:00,17671.75,17674.5,17669.0,17671.25,17671.25,1325
2024-01-24 08:50:00-05:00,17671.25,17674.25,17665.25,17668.0,17668.0,1367
2024-01-24 08:55:00-05:00,17668.0,17668.5,17655.5,17664.25,17664.25,3066
2024-01-24 09:00:00-05:00,17664.0,17669.5,17660.75,17665.0,17665.0,1358
2024-01-24 09:05:00-05:00,17664.75,17670.0,17661.0,17668.75,17668.75,1289
2024-01-24 09:10:00-05:00,17668.5,17671.0,17666.0,17670.75,17670.75,878
2024-01-24 09:15:00-05:00,17670.75,17680.5,17669.75,17677.5,17677.5,1889
2024-01-24 09:20:00-05:00,17677.5,17688.5,17677.25,17684.75,17684.75,2907
2024-01-24 09:25:00-05:00,17685.0,17694.5,17679.25,17692.75,17692.75,3067
2024-01-24 09:30:00-05:00,17692.5,17695.5,17658.25,17660.75,17660.75,19149
2024-01-24 09:35:00-05:00,17661.25,17663.25,17637.5,17638.25,17638.25,15769
2024-01-24 09:40:00-05:00,17638.75,17662.75,17637.5,17654.25,17654.25,8035
2024-01-24 09:45:00-05:00,17654.5,17671.5,17638.0,17654.25,17654.25,12326
2024-01-24 09:50:00-05:00,17654.5,17678.0,17653.0,17671.25,17671.25,10676
2024-01-24 09:55:00-05:00,17670.75,17678.75,17662.0,17669.75,17669.75,9366
2024-01-24 10:00:00-05:00,17669.5,17671.5,17638.0,17651.5,17651.5,12816
2024-01-24 10:05:00-05:00,17652.0,17685.0,17645.75,17680.25,17680.25,10554
2024-01-24 10:10:00-05:00,17680.25,17694.5,17672.0,17688.5,17688.5,9391
2024-01-24 10:15:00-05:00,17688.5,17713.25,17688.5,17703.25,17703.25,12270
2024-01-24 10:20:00-05:00,17703.0,17710.75,17694.75,17705.25,17705.25,6790
2024-01-24 10:25:00-05:00,17705.25,17719.0,17703.25,17715.0,17715.0,7037
2024-01-24 10:30:00-05:00,17715.75,17724.5,17708.5,17721.0,17721.0,6490
2024-01-24 10:35:00-05:00,17720.75,17744.75,17718.25,17743.75,17743.75,9335
2024-01-24 10:40:00-05:00,17744.5,17763.25,17736.5,17762.75,17762.75,12059
2024-01-24 10:45:00-05:00,17762.5,17765.0,17739.5,17754.75,17754.75,9437
2024-01-24 10:50:00-05:00,17754.5,17755.5,17722.5,17734.25,17734.25,10256
2024-01-24 10:55:00-05:00,17734.0,17737.25,17722.5,17735.75,17735.75,6488
2024-01-24 11:00:00-05:00,17736.0,17743.75,17731.75,17738.5,17738.5,6984
2024-01-24 11:05:00-05:00,17738.25,17739.25,17699.0,17712.0,17712.0,10973
2024-01-24 11:10:00-05:00,17712.25,17716.0,17691.75,17695.25,17695.25,7456
2024-01-24 11:15:00-05:00,17695.75,17712.25,17688.25,17711.25,17711.25,7585
2024-01-24 11:20:00-05:00,17711.0,17722.75,17705.5,17711.0,17711.0,6040
2024-01-24 11:25:00-05:00,17711.0,17721.0,17704.0,17708.5,17708.5,4536
2024-01-24 11:30:00-05:00,17708.75,17715.25,17701.5,17706.75,17706.75,5429
2024-01-24 11:35:00-05:00,17707.5,17719.75,17705.0,17712.75,17712.75,4682
2024-01-24 11:40:00-05:00,17712.0,17724.5,17705.0,17707.0,17707.0,4789
2024-01-24 11:45:00-05:00,17707.25,17728.5,17702.75,17725.25,17725.25,6053
2024-01-24 11:50:00-05:00,17725.0,17744.5,17724.75,17743.75,17743.75,6634
2024-01-24 11:55:00-05:00,17743.75,17754.25,17741.0,17749.5,17749.5,6542
2024-01-24 12:00:00-05:00,17749.75,17753.25,17739.25,17748.0,17748.0,5049
2024-01-24 12:05:00-05:00,17748.25,17761.5,17741.75,17760.75,17760.75,4586
2024-01-24 12:10:00-05:00,17760.5,17768.0,17736.5,17743.75,17743.75,8768
2024-01-24 12:15:00-05:00,17743.25,17747.75,17737.25,17741.0,17741.0,3728
2024-01-24 12:20:00-05:00,17740.75,17755.5,17735.0,17755.0,17755.0,4279
2024-01-24 12:25:00-05:00,17754.75,17774.0,17754.75,17762.25,17762.25,7668
2024-01-24 12:30:00-05:00,17763.0,17786.75,17763.0,17785.5,17785.5,6765
2024-01-24 12:35:00-05:00,17785.25,17789.5,17768.5,17778.25,17778.25,5756
2024-01-24 12:40:00-05:00,17777.75,17778.75,17771.75,17775.0,17775.0,2569
2024-01-24 12:45:00-05:00,17775.25,17787.25,17772.25,17784.25,17784.25,4305
2024-01-24 12:50:00-05:00,17784.5,17793.5,17780.25,17791.5,17791.5,4890
2024-01-24 12:55:00-05:00,17791.75,17792.75,17781.75,17784.5,17784.5,4025
2024-01-24 13:00:00-05:00,17784.75,17785.5,17745.0,17755.75,17755.75,9767
2024-01-24 13:05:00-05:00,17756.25,17764.5,17740.75,17755.0,17755.0,6911
2024-01-24 13:10:00-05:00,17754.75,17759.25,17738.75,17740.75,17740.75,5106
2024-01-24 13:15:00-05:00,17740.5,17742.75,17718.0,17732.25,17732.25,9217
2024-01-24 13:20:00-05:00,17732.0,17743.5,17731.25,17741.5,17741.5,5014
2024-01-24 13:25:00-05:00,17742.0,17768.0,17738.5,17758.75,17758.75,7187
2024-01-24 13:30:00-05:00,17758.5,17760.5,17738.5,17746.5,17746.5,5396
2024-01-24 13:35:00-05:00,17746.5,17749.0,17710.5,17711.25,17711.25,6846
2024-01-24 13:40:00-05:00,17711.0,17725.5,17701.5,17707.75,17707.75,8254
2024-01-24 13:45:00-05:00,17708.0,17711.75,17697.75,17705.25,17705.25,5493
2024-01-24 13:50:00-05:00,17704.75,17714.5,17697.25,17710.5,17710.5,5176
2024-01-24 13:55:00-05:00,17710.25,17720.5,17704.25,17715.5,17715.5,3836
2024-01-24 14:00:00-05:00,17714.75,17718.0,17702.5,17708.5,17708.5,3355
2024-01-24 14:05:00-05:00,17708.5,17719.0,17699.5,17701.25,17701.25,3557
2024-01-24 14:10:00-05:00,17701.0,17701.0,17676.25,17678.25,17678.25,6950
2024-01-24 14:15:00-05:00,17678.5,17682.0,17666.5,17673.5,17673.5,6370
2024-01-24 14:20:00-05:00,17673.0,17674.5,17632.0,17643.25,17643.25,12293
2024-01-24 14:25:00-05:00,17643.0,17662.25,17635.5,17647.0,17647.0,7524
2024-01-24 14:30:00-05:00,17647.5,17661.25,17638.0,17645.0,17645.0,6547
2024-01-24 14:35:00-05:00,17645.75,17663.5,17642.0,17663.0,17663.0,4407
2024-01-24 14:40:00-05:00,17662.5,17681.75,17660.75,17678.5,17678.5,6798
2024-01-24 14:45:00-05:00,17678.5,17687.75,17676.25,17684.25,17684.25,5217
2024-01-24 14:50:00-05:00,17684.5,17691.0,17675.75,17680.25,17680.25,4343
2024-01-24 14:55:00-05:00,17680.0,17680.5,17655.75,17664.25,17664.25,6251
2024-01-24 15:00:00-05:00,17664.5,17675.0,17648.25,17671.5,17671.5,5547
2024-01-24 15:05:00-05:00,17671.5,17683.25,17671.0,17675.25,17675.25,3444
2024-01-24 15:10:00-05:00,17676.0,17676.75,17639.25,17643.75,17643.75,9129
2024-01-24 15:15:00-05:00,17644.5,17645.5,17619.5,17621.25,17621.25,8776
2024-01-24 15:20:00-05:00,17621.25,17642.25,17617.0,17640.0,17640.0,5925
2024-01-24 15:25:00-05:00,17640.0,17642.0,17614.25,17617.0,17617.0,4916
2024-01-24 15:30:00-05:00,17616.75,17636.5,17612.0,17633.0,17633.0,5325
2024-01-24 15:35:00-05:00,17633.25,17654.5,17632.25,17649.75,17649.75,5360
2024-01-24 15:40:00-05:00,17649.75,17665.5,17648.25,17660.75,17660.75,4651
2024-01-24 15:45:00-05:00,17660.75,17664.0,17629.75,17633.0,17633.0,7711
2024-01-24 15:50:00-05:00,17632.5,17633.25,17604.0,17615.0,17615.0,10839
2024-01-24 15:55:00-05:00,17615.25,17641.25,17613.25,17624.75,17624.75,17447
2024-01-24 16:00:00-05:00,17624.75,17634.0,17594.0,17594.25,17594.25,6904
2024-01-24 16:05:00-05:00,17594.0,17595.75,17570.0,17587.5,17587.5,5917
2024-01-24 16:10:00-05:00,17588.0,17606.0,17585.25,17597.5,17597.5,3169
2024-01-24 16:15:00-05:00,17596.75,17598.0,17586.0,17595.0,17595.0,1367
2024-01-24 16:20:00-05:00,17594.5,17598.0,17588.75,17591.25,17591.25,1037
2024-01-24 16:25:00-05:00,17590.5,17600.0,17590.25,17596.0,17596.0,633
2024-01-24 16:30:00-05:00,17595.5,17605.0,17594.75,17604.25,17604.25,585
2024-01-24 16:35:00-05:00,17605.0,17623.0,17604.25,17618.5,17618.5,1231
2024-01-24 16:40:00-05:00,17618.75,17627.75,17616.0,17622.25,17622.25,995
2024-01-24 16:45:00-05:00,17623.0,17625.25,17619.75,17623.5,17623.5,380
2024-01-24 16:50:00-05:00,17624.0,17625.0,17621.0,17621.75,17621.75,266
2024-01-24 16:55:00-05:00,17621.5,17635.75,17620.5,17630.25,17630.25,673
2024-01-24 18:00:00-05:00,17614.75,17625.75,17613.5,17620.75,17620.75,0
2024-01-24 18:05:00-05:00,17621.25,17625.25,17621.0,17622.25,17622.25,357
2024-01-24 18:10:00-05:00,17622.75,17627.5,17621.75,17622.5,17622.5,373
2024-01-24 18:15:00-05:00,17622.5,17625.5,17621.5,17621.5,17621.5,262
2024-01-24 18:20:00-05:00,17621.75,17624.75,17616.5,17618.5,17618.5,391
2024-01-24 18:25:00-05:00,17619.0,17620.5,17610.0,17610.0,17610.0,545
2024-01-24 18:30:00-05:00,17610.25,17613.75,17606.0,17613.75,17613.75,574
2024-01-24 18:35:00-05:00,17613.75,17617.5,17611.5,17613.25,17613.25,426
2024-01-24 18:40:00-05:00,17612.75,17617.5,17610.5,17613.75,17613.75,368
2024-01-24 18:45:00-05:00,17613.75,17615.5,17607.25,17608.0,17608.0,524
2024-01-24 18:50:00-05:00,17608.0,17617.5,17608.0,17616.5,17616.5,295
2024-01-24 18:55:00-05:00,17616.25,17620.5,17615.5,17616.75,17616.75,386
2024-01-24 19:00:00-05:00,17616.5,17618.0,17608.75,17612.0,17612.0,651
2024-01-24 19:05:00-05:00,17611.25,17612.5,17602.75,17605.25,17605.25,728
2024-01-24 19:10:00-05:00,17604.5,17606.25,17600.0,17600.5,17600.5,525
2024-01-24 19:15:00-05:00,17601.25,17608.25,17600.75,17607.25,17607.25,328
2024-01-24 19:20:00-05:00,17607.25,17610.25,17607.25,17609.5,17609.5,260
2024-01-24 19:25:00-05:00,17608.75,17612.5,17607.5,17609.75,17609.75,273
2024-01-24 19:30:00-05:00,17610.0,17618.25,17607.75,17617.0,17617.0,350
2024-01-24 19:35:00-05:00,17617.25,17621.25,17612.75,17612.75,17612.75,502
2024-01-24 19:40:00-05:00,17613.0,17614.5,17610.75,17611.75,17611.75,255
2024-01-24 19:45:00-05:00,17611.75,17618.5,17611.75,17617.75,17617.75,217
2024-01-24 19:50:00-05:00,17618.0,17619.75,17615.0,17619.25,17619.25,147
2024-01-24 19:55:00-05:00,17619.25,17622.5,17618.5,17622.5,17622.5,305
2024-01-24 20:00:00-05:00,17623.0,17628.5,17618.75,17626.75,17626.75,510
2024-01-24 20:05:00-05:00,17626.5,17635.0,17626.0,17628.25,17628.25,650
2024-01-24 20:10:00-05:00,17628.25,17629.25,17624.0,17626.0,17626.0,283
2024-01-24 20:15:00-05:00,17626.5,17626.5,17616.5,17616.5,17616.5,433
2024-01-24 20:20:00-05:00,17616.25,17616.75,17606.75,17611.75,17611.75,619
2024-01-24 20:25:00-05:00,17611.5,17612.75,17603.25,17607.0,17607.0,517
2024-01-24 20:30:00-05:00,17606.75,17608.5,17601.0,17608.0,17608.0,592
2024-01-24 20:35:00-05:00,17607.5,17613.0,17604.5,17608.25,17608.25,676
2024-01-24 20:40:00-05:00,17608.75,17611.0,17602.0,17604.0,17604.0,297
2024-01-24 20:45:00-05:00,17603.5,17607.0,17594.75,17596.75,17596.75,617
2024-01-24 20:50:00-05:00,17596.75,17598.75,17590.75,17595.75,17595.75,643
2024-01-24 20:55:00-05:00,17595.75,17608.25,17593.25,17608.25,17608.25,617
2024-01-24 21:00:00-05:00,17608.25,17611.0,17604.0,17610.0,17610.0,445
2024-01-24 21:05:00-05:00,17610.25,17617.0,17608.75,17615.25,17615.25,549
2024-01-24 21:10:00-05:00,17615.5,17618.0,17609.75,17609.75,17609.75,422
2024-01-24 21:15:00-05:00,17610.25,17614.25,17608.0,17610.5,17610.5,365
2024-01-24 21:20:00-05:00,17611.0,17611.0,17601.0,17604.0,17604.0,578
2024-01-24 21:25:00-05:00,17604.0,17613.0,17603.75,17612.0,17612.0,512
2024-01-24 21:30:00-05:00,17612.0,17612.5,17605.0,17608.0,17608.0,300
2024-01-24 21:35:00-05:00,17608.5,17608.5,17601.25,17601.75,17601.75,356
2024-01-24 21:40:00-05:00,17601.25,17602.25,17590.0,17590.75,17590.75,502
2024-01-24 21:45:00-05:00,17590.0,17601.25,17589.25,17600.75,17600.75,661
2024-01-24 21:50:00-05:00,17600.5,17602.0,17597.0,17599.25,17599.25,266
2024-01-24 21:55:00-05:00,17599.75,17603.25,17599.5,17601.5,17601.5,176
2024-01-24 22:00:00-05:00,17601.5,17605.0,17601.5,17604.5,17604.5,188
2024-01-24 22:05:00-05:00,17604.5,17607.0,17598.5,17600.5,17600.5,422
2024-01-24 22:10:00-05:00,17600.5,17603.25,17594.25,17595.25,17595.25,585
2024-01-24 22:15:00-05:00,17594.75,17604.75,17593.75,17604.0,17604.0,378
2024-01-24 22:20:00-05:00,17604.25,17605.5,17602.5,17604.0,17604.0,169
2024-01-24 22:25:00-05:00,17603.25,17605.25,17599.0,17600.5,17600.5,227
2024-01-24 22:30:00-05:00,17601.25,17606.0,17600.25,17603.75,17603.75,156
2024-01-24 22:35:00-05:00,17604.25,17606.0,17602.75,17605.0,17605.0,137
2024-01-24 22:40:00-05:00,17605.25,17607.75,17603.0,17604.5,17604.5,206
2024-01-24 22:45:00-05:00,17604.75,17605.25,17601.0,17604.75,17604.75,220
2024-01-24 22:50:00-05:00,17605.0,17607.5,17603.75,17607.5,17607.5,130
2024-01-24 22:55:00-05:00,17607.75,17609.0,17605.0,17605.5,17605.5,128
2024-01-24 23:00:00-05:00,17605.75,17607.0,17603.25,17606.5,17606.5,155
2024-01-24 23:05:00-05:00,17606.75,17610.75,17605.0,17609.0,17609.0,293
2024-01-24 23:10:00-05:00,17609.25,17615.0,17607.5,17614.5,17614.5,268
2024-01-24 23:15:00-05:00,17614.25,17615.0,17610.75,17611.75,17611.75,126
2024-01-24 23:20:00-05:00,17611.75,17617.0,17611.75,17614.25,17614.25,167
2024-01-24 23:25:00-05:00,17614.25,17616.0,17613.75,17616.0,17616.0,124
2024-01-24 23:30:00-05:00,17615.5,17616.5,17614.0,17614.75,17614.75,115
2024-01-24 23:35:00-05:00,17614.5,17617.5,17613.75,17616.0,17616.0,172
2024-01-24 23:40:00-05:00,17615.5,17616.5,17610.0,17611.5,17611.5,271
2024-01-24 23:45:00-05:00,17611.75,17614.75,17610.0,17613.25,17613.25,140
2024-01-24 23:50:00-05:00,17613.25,17615.5,17612.25,17613.25,17613.25,129
2024-01-24 23:55:00-05:00,17612.5,17613.0,17609.75,17610.75,17610.75,167
2024-01-25 00:00:00-05:00,17609.75,17609.75,17609.75,17609.75,17609.75,263
2024-01-25 00:05:00-05:00,17609.75,17610.75,17609.5,17610.75,17610.75,410
2024-01-25 00:10:00-05:00,17610.75,17614.75,17609.25,17612.0,17612.0,300
2024-01-25 00:15:00-05:00,17611.75,17617.25,17611.25,17616.5,17616.5,205
2024-01-25 00:20:00-05:00,17616.0,17616.25,17612.5,17613.75,17613.75,145
2024-01-25 00:25:00-05:00,17612.75,17616.0,17611.5,17614.75,17614.75,129
2024-01-25 00:30:00-05:00,17614.0,17618.0,17612.25,17617.75,17617.75,173
2024-01-25 00:35:00-05:00,17618.5,17621.0,17616.5,17618.75,17618.75,242
2024-01-25 00:40:00-05:00,17619.0,17623.25,17617.25,17622.0,17622.0,226
2024-01-25 00:45:00-05:00,17621.5,17625.0,17620.5,17620.75,17620.75,233
2024-01-25 00:50:00-05:00,17620.5,17624.5,17618.5,17623.75,17623.75,225
2024-01-25 00:55:00-05:00,17623.25,17627.25,17621.75,17625.5,17625.5,240
2024-01-25 01:00:00-05:00,17625.75,17626.25,17617.5,17619.75,17619.75,421
2024-01-25 01:05:00-05:00,17619.75,17623.0,17616.5,17617.0,17617.0,249
2024-01-25 01:10:00-05:00,17617.25,17621.5,17613.75,17621.0,17621.0,339
2024-01-25 01:15:00-05:00,17621.5,17624.0,17621.25,17623.0,17623.0,138
2024-01-25 01:20:00-05:00,17623.5,17623.5,17617.0,17618.75,17618.75,195
2024-01-25 01:25:00-05:00,17618.5,17622.5,17616.0,17621.5,17621.5,214
2024-01-25 01:30:00-05:00,17621.75,17624.75,17620.75,17623.75,17623.75,201
2024-01-25 01:35:00-05:00,17623.5,17628.0,17623.5,17624.25,17624.25,192
2024-01-25 01:40:00-05:00,17624.75,17630.5,17623.25,17625.75,17625.75,462
2024-01-25 01:45:00-05:00,17625.5,17625.75,17618.25,17623.0,17623.0,245
2024-01-25 01:50:00-05:00,17622.5,17622.75,17615.0,17621.25,17621.25,318
2024-01-25 01:55:00-05:00,17621.0,17623.75,17616.75,17623.5,17623.5,273
2024-01-25 02:00:00-05:00,17623.75,17628.5,17621.0,17624.25,17624.25,502
2024-01-25 02:05:00-05:00,17624.5,17632.25,17623.75,17629.0,17629.0,308
2024-01-25 02:10:00-05:00,17629.0,17634.5,17627.75,17633.75,17633.75,370
2024-01-25 02:15:00-05:00,17634.0,17647.5,17633.75,17640.25,17640.25,1102
2024-01-25 02:20:00-05:00,17640.0,17640.25,17625.5,17627.0,17627.0,676
2024-01-25 02:25:00-05:00,17626.75,17634.0,17625.75,17632.5,17632.5,333
2024-01-25 02:30:00-05:00,17632.75,17634.75,17629.25,17630.75,17630.75,283
2024-01-25 02:35:00-05:00,17631.25,17632.75,17627.75,17632.75,17632.75,251
2024-01-25 02:40:00-05:00,17632.25,17637.5,17630.75,17637.0,17637.0,229
2024-01-25 02:45:00-05:00,17636.25,17638.0,17628.0,17633.0,17633.0,404
2024-01-25 02:50:00-05:00,17633.25,17634.75,17629.75,17632.5,17632.5,198
2024-01-25 02:55:00-05:00,17632.25,17634.25,17627.25,17627.5,17627.5,256
2024-01-25 03:00:00-05:00,17627.5,17632.5,17611.0,17613.25,17613.25,1147
2024-01-25 03:05:00-05:00,17613.25,17624.25,17603.0,17624.0,17624.0,1918
2024-01-25 03:10:00-05:00,17623.0,17628.0,17615.0,17616.75,17616.75,923
2024-01-25 03:15:00-05:00,17617.0,17623.0,17613.5,17615.5,17615.5,715
2024-01-25 03:20:00-05:00,17614.5,17616.5,17607.75,17611.0,17611.0,866
2024-01-25 03:25:00-05:00,17610.5,17626.5,17610.0,17622.75,17622.75,868
2024-01-25 03:30:00-05:00,17624.5,17624.75,17624.5,17624.75,17624.75,3
2024-01-25 03:40:00-05:00,17637.0,17641.5,17635.75,17641.5,17641.5,2509
2024-01-25 03:45:00-05:00,17641.0,17655.25,17640.0,17646.75,17646.75,1807
2024-01-25 03:50:00-05:00,17646.0,17650.5,17641.0,17641.0,17641.0,639
2024-01-25 03:55:00-05:00,17640.75,17642.5,17633.0,17635.5,17635.5,601
2024-01-25 04:00:00-05:00,17632.75,17640.75,17630.0,17632.0,17632.0,1085
2024-01-25 04:05:00-05:00,17630.5,17635.75,17618.5,17624.5,17624.5,880
2024-01-25 04:10:00-05:00,17624.0,17628.5,17619.5,17620.25,17620.25,603
2024-01-25 04:15:00-05:00,17620.5,17628.0,17616.0,17618.5,17618.5,760
2024-01-25 04:20:00-05:00,17619.0,17626.5,17617.75,17621.5,17621.5,505
2024-01-25 04:25:00-05:00,17621.25,17624.5,17617.5,17623.75,17623.75,551
2024-01-25 04:30:00-05:00,17623.75,17631.25,17623.0,17627.5,17627.5,778
2024-01-25 04:35:00-05:00,17626.75,17629.75,17623.75,17626.0,17626.0,473
2024-01-25 04:40:00-05:00,17625.5,17631.5,17625.0,17628.5,17628.5,344
2024-01-25 04:45:00-05:00,17627.75,17632.5,17625.0,17631.25,17631.25,397
2024-01-25 04:50:00-05:00,17631.5,17635.75,17629.25,17635.5,17635.5,512
2024-01-25 04:55:00-05:00,17635.75,17641.0,17627.25,17628.0,17628.0,980
2024-01-25 05:00:00-05:00,17627.75,17628.75,17618.5,17619.75,17619.75,765
2024-01-25 05:05:00-05:00,17620.0,17620.75,17613.5,17616.5,17616.5,782
2024-01-25 05:10:00-05:00,17617.0,17624.0,17614.5,17624.0,17624.0,588
2024-01-25 05:15:00-05:00,17623.25,17625.5,17615.75,17619.5,17619.5,483
2024-01-25 05:20:00-05:00,17619.0,17624.75,17618.5,17624.75,17624.75,224
2024-01-25 05:25:00-05:00,17624.0,17625.25,17618.0,17619.75,17619.75,251
2024-01-25 05:30:00-05:00,17618.75,17618.75,17612.75,17615.75,17615.75,336
2024-01-25 05:40:00-05:00,17616.0,17621.0,17615.75,17619.25,17619.25,1205
2024-01-25 05:45:00-05:00,17619.75,17622.0,17614.0,17614.5,17614.5,286
2024-01-25 05:50:00-05:00,17614.5,17617.25,17611.75,17615.25,17615.25,246
2024-01-25 05:55:00-05:00,17615.0,17618.75,17612.0,17617.75,17617.75,217
2024-01-25 06:00:00-05:00,17617.75,17621.75,17612.0,17613.75,17613.75,415
2024-01-25 06:05:00-05:00,17613.5,17615.5,17610.25,17614.75,17614.75,291
2024-01-25 06:10:00-05:00,17614.25,17618.0,17611.0,17612.5,17612.5,435
2024-01-25 06:15:00-05:00,17612.25,17617.5,17611.0,17616.5,17616.5,348
2024-01-25 06:20:00-05:00,17616.75,17622.75,17615.0,17622.75,17622.75,531
2024-01-25 06:25:00-05:00,17622.75,17622.75,17616.75,17618.75,17618.75,392
2024-01-25 06:30:00-05:00,17619.25,17630.5,17614.5,17625.75,17625.75,1744
2024-01-25 06:35:00-05:00,17625.5,17642.75,17623.0,17633.5,17633.5,1969
2024-01-25 06:40:00-05:00,17633.0,17638.5,17630.5,17631.25,17631.25,691
2024-01-25 06:45:00-05:00,17631.0,17641.0,17630.0,17639.75,17639.75,859
2024-01-25 06:50:00-05:00,17638.75,17644.25,17638.0,17643.25,17643.25,694
2024-01-25 06:55:00-05:00,17642.75,17648.75,17641.25,17646.75,17646.75,782
2024-01-25 07:00:00-05:00,17646.75,17658.75,17646.75,17655.25,17655.25,2597
2024-01-25 07:05:00-05:00,17655.0,17663.5,17654.25,17657.75,17657.75,1366
2024-01-25 07:10:00-05:00,17658.25,17659.5,17649.0,17649.75,17649.75,806
2024-01-25 07:15:00-05:00,17649.75,17650.5,17644.5,17645.25,17645.25,1032
2024-01-25 07:20:00-05:00,17645.25,17646.25,17639.5,17640.25,17640.25,797
2024-01-25 07:25:00-05:00,17640.0,17649.5,17635.25,17648.75,17648.75,1300
2024-01-25 07:30:00-05:00,17647.75,17651.5,17641.5,17645.75,17645.75,820
2024-01-25 07:35:00-05:00,17645.5,17651.0,17642.5,17648.75,17648.75,429
2024-01-25 07:40:00-05:00,17648.75,17660.75,17646.75,17658.75,17658.75,855
2024-01-25 07:45:00-05:00,17659.25,17664.0,17651.0,17655.25,17655.25,1004
2024-01-25 07:50:00-05:00,17654.75,17654.75,17645.25,17646.0,17646.0,654
2024-01-25 07:55:00-05:00,17646.5,17646.5,17634.75,17638.0,17638.0,1011
2024-01-25 08:00:00-05:00,17638.0,17645.0,17636.5,17640.5,17640.5,1289
2024-01-25 08:05:00-05:00,17640.5,17645.5,17638.0,17644.25,17644.25,671
2024-01-25 08:10:00-05:00,17644.5,17646.25,17637.75,17643.0,17643.0,617
2024-01-25 08:15:00-05:00,17642.25,17659.0,17641.0,17655.75,17655.75,1549
2024-01-25 08:20:00-05:00,17655.5,17658.25,17647.5,17652.5,17652.5,1072
2024-01-25 08:25:00-05:00,17652.25,17656.25,17639.5,17651.0,17651.0,1150
2024-01-25 08:30:00-05:00,17649.5,17689.25,17613.75,17687.25,17687.25,10394
2024-01-25 08:35:00-05:00,17686.5,17704.0,17681.5,17694.25,17694.25,6360
2024-01-25 08:40:00-05:00,17694.75,17697.0,17681.75,17697.0,17697.0,3414
2024-01-25 08:45:00-05:00,17696.75,17707.75,17690.75,17703.75,17703.75,3231
2024-01-25 08:50:00-05:00,17703.5,17711.25,17696.75,17710.0,17710.0,2756
2024-01-25 08:55:00-05:00,17710.5,17715.5,17701.25,17706.5,17706.5,2943
2024-01-25 09:00:00-05:00,17706.5,17712.0,17702.0,17706.75,17706.75,2013
2024-01-25 09:05:00-05:00,17706.75,17710.75,17697.75,17709.5,17709.5,1936
2024-01-25 09:10:00-05:00,17710.0,17722.25,17703.75,17721.0,17721.0,3129
2024-01-25 09:15:00-05:00,17721.25,17723.5,17714.0,17722.0,17722.0,2560
2024-01-25 09:20:00-05:00,17722.5,17725.0,17715.5,17718.5,17718.5,2206
2024-01-25 09:25:00-05:00,17719.0,17727.25,17705.5,17721.75,17721.75,4703
2024-01-25 09:30:00-05:00,17722.0,17726.75,17675.0,17703.75,17703.75,20722
2024-01-25 09:35:00-05:00,17703.75,17712.75,17682.0,17691.25,17691.25,12505
2024-01-25 09:40:00-05:00,17692.0,17706.0,17679.25,17688.0,17688.0,11402
2024-01-25 09:45:00-05:00,17687.75,17696.25,17672.25,17692.75,17692.75,9798
2024-01-25 09:50:00-05:00,17693.0,17704.0,17675.25,17685.25,17685.25,8270
2024-01-25 09:55:00-05:00,17684.75,17693.25,17660.5,17669.0,17669.0,9873
2024-01-25 10:00:00-05:00,17669.0,17680.75,17649.25,17669.0,17669.0,11615
2024-01-25 10:05:00-05:00,17670.0,17698.75,17667.75,17698.5,17698.5,10714
2024-01-25 10:10:00-05:00,17698.75,17709.5,17685.0,17706.5,17706.5,10965
2024-01-25 10:15:00-05:00,17706.75,17713.0,17697.25,17712.0,17712.0,7355
2024-01-25 10:20:00-05:00,17711.75,17734.75,17711.75,17722.0,17722.0,11193
2024-01-25 10:25:00-05:00,17722.25,17733.0,17716.25,17730.0,17730.0,6394
2024-01-25 10:30:00-05:00,17730.25,17738.0,17707.5,17709.25,17709.25,9229
2024-01-25 10:35:00-05:00,17709.25,17710.0,17676.5,17698.25,17698.25,12463
2024-01-25 10:40:00-05:00,17698.25,17725.5,17694.0,17720.75,17720.75,7928
2024-01-25 10:45:00-05:00,17721.0,17723.5,17693.75,17697.25,17697.25,7244
2024-01-25 10:50:00-05:00,17697.75,17712.0,17686.25,17692.75,17692.75,8391
2024-01-25 10:55:00-05:00,17692.5,17712.5,17683.75,17707.5,17707.5,6922
2024-01-25 11:00:00-05:00,17707.5,17709.5,17684.5,17686.75,17686.75,6255
2024-01-25 11:05:00-05:00,17687.25,17707.75,17684.0,17703.0,17703.0,6697
2024-01-25 11:10:00-05:00,17703.25,17720.0,17692.25,17718.0,17718.0,6847
2024-01-25 11:15:00-05:00,17717.75,17727.75,17711.0,17718.75,17718.75,6342
2024-01-25 11:20:00-05:00,17719.0,17725.5,17708.5,17718.25,17718.25,5380
2024-01-25 11:25:00-05:00,17718.5,17725.25,17710.5,17724.0,17724.0,4143
2024-01-25 11:30:00-05:00,17724.25,17729.0,17711.25,17721.75,17721.75,5485
2024-01-25 11:35:00-05:00,17722.0,17728.25,17717.0,17720.75,17720.75,3992
2024-01-25 11:40:00-05:00,17720.5,17722.5,17702.75,17714.5,17714.5,5554
2024-01-25 11:45:00-05:00,17714.75,17737.5,17710.0,17735.25,17735.25,6655
2024-01-25 11:50:00-05:00,17735.5,17752.0,17735.25,17739.5,17739.5,8320
2024-01-25 11:55:00-05:00,17739.5,17740.25,17712.75,17724.0,17724.0,9349
2024-01-25 12:00:00-05:00,17723.75,17732.0,17700.25,17706.75,17706.75,7020
2024-01-25 12:05:00-05:00,17707.0,17708.5,17673.5,17688.0,17688.0,9884
2024-01-25 12:10:00-05:00,17687.5,17694.5,17679.5,17688.75,17688.75,4413
2024-01-25 12:15:00-05:00,17689.75,17702.0,17678.0,17679.25,17679.25,6438
2024-01-25 12:20:00-05:00,17679.5,17688.75,17668.0,17679.25,17679.25,6536
2024-01-25 12:25:00-05:00,17679.5,17694.75,17668.0,17678.75,17678.75,5714
2024-01-25 12:30:00-05:00,17679.75,17686.25,17648.75,17651.0,17651.0,7331
2024-01-25 12:35:00-05:00,17650.5,17659.25,17641.75,17657.0,17657.0,4996
2024-01-25 12:40:00-05:00,17656.75,17667.25,17652.75,17664.0,17664.0,4233
2024-01-25 12:45:00-05:00,17664.25,17666.0,17638.5,17649.0,17649.0,6965
2024-01-25 12:50:00-05:00,17649.5,17651.75,17633.0,17645.0,17645.0,5638
2024-01-25 12:55:00-05:00,17645.0,17658.75,17640.5,17651.0,17651.0,4542
2024-01-25 13:00:00-05:00,17651.75,17677.75,17641.75,17657.5,17657.5,9776
2024-01-25 13:05:00-05:00,17657.5,17682.0,17655.5,17663.5,17663.5,6759
2024-01-25 13:10:00-05:00,17664.0,17674.0,17656.25,17657.75,17657.75,4429
2024-01-25 13:15:00-05:00,17657.25,17658.0,17614.5,17620.5,17620.5,9758
2024-01-25 13:20:00-05:00,17620.25,17636.25,17612.5,17613.25,17613.25,7113
2024-01-25 13:25:00-05:00,17613.5,17636.5,17611.25,17628.0,17628.0,5699
2024-01-25 13:30:00-05:00,17628.5,17628.5,17605.0,17607.5,17607.5,6018
2024-01-25 13:35:00-05:00,17607.75,17622.0,17600.75,17619.5,17619.5,5532
2024-01-25 13:40:00-05:00,17620.25,17642.25,17617.75,17635.25,17635.25,6023
2024-01-25 13:45:00-05:00,17635.0,17645.25,17623.0,17638.25,17638.25,4995
2024-01-25 13:50:00-05:00,17638.5,17642.0,17610.25,17611.25,17611.25,4981
2024-01-25 13:55:00-05:00,17611.5,17613.25,17570.25,17576.75,17576.75,10024
2024-01-25 14:00:00-05:00,17576.75,17576.75,17556.0,17567.75,17567.75,10561
2024-01-25 14:05:00-05:00,17567.5,17572.75,17542.0,17551.0,17551.0,7605
2024-01-25 14:10:00-05:00,17551.0,17575.0,17549.0,17569.75,17569.75,6026
2024-01-25 14:15:00-05:00,17570.0,17577.0,17556.5,17575.75,17575.75,4391
2024-01-25 14:20:00-05:00,17575.75,17579.75,17555.25,17557.25,17557.25,5129
2024-01-25 14:25:00-05:00,17557.75,17578.75,17555.75,17574.75,17574.75,3545
2024-01-25 14:30:00-05:00,17575.0,17583.25,17566.25,17582.0,17582.0,4773
2024-01-25 14:35:00-05:00,17582.25,17588.0,17557.5,17571.25,17571.25,5766
2024-01-25 14:40:00-05:00,17572.0,17579.75,17566.0,17574.5,17574.5,3465
2024-01-25 14:45:00-05:00,17575.25,17584.0,17566.0,17573.5,17573.5,3486
2024-01-25 14:50:00-05:00,17573.75,17597.25,17568.25,17594.75,17594.75,4441
2024-01-25 14:55:00-05:00,17594.75,17609.75,17593.25,17609.25,17609.25,5569
2024-01-25 15:00:00-05:00,17609.0,17614.25,17601.5,17611.25,17611.25,4195
2024-01-25 15:05:00-05:00,17611.25,17616.0,17602.75,17612.0,17612.0,3824
2024-01-25 15:10:00-05:00,17612.0,17614.75,17594.25,17596.5,17596.5,4211
2024-01-25 15:15:00-05:00,17597.25,17615.0,17593.0,17614.25,17614.25,4045
2024-01-25 15:20:00-05:00,17614.0,17619.0,17590.25,17590.25,17590.25,4694
2024-01-25 15:25:00-05:00,17590.5,17603.5,17590.25,17597.5,17597.5,3196
2024-01-25 15:30:00-05:00,17597.75,17627.0,17592.25,17620.0,17620.0,6795
2024-01-25 15:35:00-05:00,17619.5,17628.75,17606.75,17609.75,17609.75,4909
2024-01-25 15:40:00-05:00,17609.25,17618.25,17598.5,17604.0,17604.0,4643
2024-01-25 15:45:00-05:00,17603.75,17617.5,17600.75,17616.75,17616.75,3887
2024-01-25 15:50:00-05:00,17616.75,17627.75,17608.25,17618.0,17618.0,8034
2024-01-25 15:55:00-05:00,17618.25,17639.25,17611.25,17638.0,17638.0,13361
2024-01-25 16:00:00-05:00,17638.0,17650.5,17613.75,17617.25,17617.25,9478
2024-01-25 16:05:00-05:00,17617.75,17620.5,17599.0,17600.0,17600.0,2897
2024-01-25 16:10:00-05:00,17600.25,17607.5,17595.25,17604.0,17604.0,2529
2024-01-25 16:15:00-05:00,17604.0,17608.75,17593.0,17595.0,17595.0,1105
2024-01-25 16:20:00-05:00,17594.25,17595.25,17587.5,17592.25,17592.25,849
2024-01-25 16:25:00-05:00,17593.25,17604.5,17592.75,17603.5,17603.5,591
2024-01-25 16:30:00-05:00,17603.0,17606.25,17600.25,17600.25,17600.25,693
2024-01-25 16:35:00-05:00,17600.5,17604.0,17594.0,17598.25,17598.25,897
2024-01-25 16:40:00-05:00,17598.5,17611.25,17597.25,17604.5,17604.5,850
2024-01-25 16:45:00-05:00,17605.25,17605.25,17592.75,17593.25,17593.25,963
2024-01-25 16:50:00-05:00,17593.5,17594.75,17583.25,17594.5,17594.5,799
2024-01-25 16:55:00-05:00,17593.75,17595.0,17579.25,17579.5,17579.5,745
2024-01-25 18:00:00-05:00,17571.25,17571.5,17552.0,17560.0,17560.0,0
2024-01-25 18:05:00-05:00,17559.5,17564.0,17547.75,17552.0,17552.0,1209
2024-01-25 18:10:00-05:00,17552.5,17555.5,17550.25,17551.5,17551.5,452
2024-01-25 18:15:00-05:00,17551.0,17557.25,17546.75,17554.75,17554.75,631
2024-01-25 18:20:00-05:00,17554.5,17556.75,17552.0,17552.25,17552.25,274
2024-01-25 18:25:00-05:00,17552.5,17553.75,17530.5,17533.0,17533.0,1133
2024-01-25 18:30:00-05:00,17532.5,17540.75,17531.5,17539.0,17539.0,664
2024-01-25 18:35:00-05:00,17539.25,17547.5,17538.0,17547.0,17547.0,622
2024-01-25 18:40:00-05:00,17546.75,17548.5,17542.5,17544.0,17544.0,431
2024-01-25 18:45:00-05:00,17544.5,17549.5,17544.5,17548.75,17548.75,370
2024-01-25 18:50:00-05:00,17548.5,17550.25,17546.25,17548.75,17548.75,179
2024-01-25 18:55:00-05:00,17548.25,17548.5,17542.25,17542.5,17542.5,236
2024-01-25 19:00:00-05:00,17542.75,17548.0,17539.75,17547.5,17547.5,557
2024-01-25 19:05:00-05:00,17548.0,17549.75,17541.0,17544.75,17544.75,430
2024-01-25 19:10:00-05:00,17544.75,17546.0,17534.25,17534.75,17534.75,459
2024-01-25 19:15:00-05:00,17534.5,17537.0,17531.5,17533.25,17533.25,778
2024-01-25 19:20:00-05:00,17533.5,17533.75,17528.5,17530.75,17530.75,556
2024-01-25 19:25:00-05:00,17530.5,17538.0,17530.25,17536.5,17536.5,355
2024-01-25 19:30:00-05:00,17536.75,17540.25,17536.75,17538.0,17538.0,333
2024-01-25 19:35:00-05:00,17538.0,17541.5,17536.0,17539.75,17539.75,335
2024-01-25 19:40:00-05:00,17539.5,17541.75,17535.75,17540.25,17540.25,352
2024-01-25 19:45:00-05:00,17540.5,17545.5,17540.5,17542.25,17542.25,393
2024-01-25 19:50:00-05:00,17542.75,17544.75,17538.5,17538.5,17538.5,267
2024-01-25 19:55:00-05:00,17538.25,17538.25,17530.25,17530.5,17530.5,555
2024-01-25 20:00:00-05:00,17530.75,17530.75,17510.5,17519.25,17519.25,1700
2024-01-25 20:05:00-05:00,17518.75,17520.25,17511.0,17511.0,17511.0,678
2024-01-25 20:10:00-05:00,17511.5,17519.0,17509.5,17516.5,17516.5,605
2024-01-25 20:15:00-05:00,17516.0,17525.25,17511.5,17524.5,17524.5,830
2024-01-25 20:20:00-05:00,17524.75,17525.0,17521.0,17524.0,17524.0,345
2024-01-25 20:25:00-05:00,17523.75,17525.5,17519.0,17521.0,17521.0,346
2024-01-25 20:30:00-05:00,17521.25,17521.25,17513.0,17515.75,17515.75,417
2024-01-25 20:35:00-05:00,17516.0,17516.75,17510.25,17516.25,17516.25,461
2024-01-25 20:40:00-05:00,17516.0,17516.5,17511.25,17515.25,17515.25,341
2024-01-25 20:45:00-05:00,17515.0,17516.0,17511.75,17512.75,17512.75,293
2024-01-25 20:50:00-05:00,17512.25,17518.25,17508.75,17517.0,17517.0,508
2024-01-25 20:55:00-05:00,17516.75,17520.75,17516.0,17519.75,17519.75,322
2024-01-25 21:00:00-05:00,17519.25,17526.25,17519.0,17526.0,17526.0,517
2024-01-25 21:05:00-05:00,17526.0,17528.0,17524.5,17525.25,17525.25,412
2024-01-25 21:10:00-05:00,17524.75,17531.75,17524.5,17529.75,17529.75,373
2024-01-25 21:15:00-05:00,17529.25,17533.5,17529.25,17530.75,17530.75,376
2024-01-25 21:20:00-05:00,17531.25,17535.75,17531.0,17533.75,17533.75,322
2024-01-25 21:25:00-05:00,17534.0,17534.75,17531.75,17533.25,17533.25,192
2024-01-25 21:30:00-05:00,17534.0,17537.5,17531.5,17536.0,17536.0,343
2024-01-25 21:35:00-05:00,17535.75,17540.75,17535.5,17537.25,17537.25,374
2024-01-25 21:40:00-05:00,17537.5,17538.25,17535.5,17536.5,17536.5,151
2024-01-25 21:45:00-05:00,17536.5,17536.5,17525.5,17526.0,17526.0,500
2024-01-25 21:50:00-05:00,17526.5,17527.5,17520.25,17520.75,17520.75,380
2024-01-25 21:55:00-05:00,17520.5,17521.0,17516.75,17518.75,17518.75,438
2024-01-25 22:00:00-05:00,17518.75,17527.0,17518.0,17524.5,17524.5,710
2024-01-25 22:05:00-05:00,17524.75,17526.25,17520.75,17520.75,17520.75,270
2024-01-25 22:10:00-05:00,17520.5,17524.75,17520.5,17523.5,17523.5,169
2024-01-25 22:15:00-05:00,17524.25,17527.0,17518.25,17524.0,17524.0,299
2024-01-25 22:20:00-05:00,17523.75,17524.0,17521.0,17521.0,17521.0,155
2024-01-25 22:25:00-05:00,17521.5,17522.0,17518.25,17520.75,17520.75,158
2024-01-25 22:30:00-05:00,17520.5,17522.0,17520.0,17521.25,17521.25,126
2024-01-25 22:35:00-05:00,17521.25,17522.25,17518.25,17519.0,17519.0,155
2024-01-25 22:40:00-05:00,17519.0,17519.75,17513.25,17518.25,17518.25,360
2024-01-25 22:45:00-05:00,17518.75,17526.25,17518.75,17525.5,17525.5,276
2024-01-25 22:50:00-05:00,17525.25,17526.75,17521.75,17523.5,17523.5,241
2024-01-25 22:55:00-05:00,17523.75,17524.0,17516.25,17517.75,17517.75,237
2024-01-25 23:00:00-05:00,17517.75,17519.75,17511.0,17511.25,17511.25,399
2024-01-25 23:05:00-05:00,17511.0,17516.0,17510.0,17515.75,17515.75,299
2024-01-25 23:10:00-05:00,17515.5,17515.75,17503.75,17506.0,17506.0,548
2024-01-25 23:15:00-05:00,17506.5,17515.5,17506.25,17511.0,17511.0,335
2024-01-25 23:20:00-05:00,17510.75,17513.0,17498.5,17503.0,17503.0,701
2024-01-25 23:25:00-05:00,17502.25,17503.0,17495.5,17500.25,17500.25,564
2024-01-25 23:30:00-05:00,17500.25,17506.75,17498.75,17501.25,17501.25,393
2024-01-25 23:35:00-05:00,17501.0,17501.25,17493.25,17494.5,17494.5,436
2024-01-25 23:40:00-05:00,17495.0,17496.5,17487.5,17488.5,17488.5,699
2024-01-25 23:45:00-05:00,17489.25,17490.0,17483.5,17489.25,17489.25,653
2024-01-25 23:50:00-05:00,17488.75,17491.75,17485.0,17488.0,17488.0,580
2024-01-25 23:55:00-05:00,17488.25,17493.5,17488.25,17490.5,17490.5,406
2024-01-26 00:00:00-05:00,17491.25,17491.25,17491.25,17491.25,17491.25,438
2024-01-26 00:05:00-05:00,17491.25,17500.5,17491.25,17500.5,17500.5,265
2024-01-26 00:10:00-05:00,17501.0,17508.0,17499.75,17507.25,17507.25,488
2024-01-26 00:15:00-05:00,17507.75,17514.5,17507.75,17511.0,17511.0,710
2024-01-26 00:20:00-05:00,17510.5,17511.25,17507.75,17510.0,17510.0,184
2024-01-26 00:25:00-05:00,17510.5,17513.0,17509.0,17511.75,17511.75,160
2024-01-26 00:30:00-05:00,17511.75,17519.25,17511.75,17519.25,17519.25,630
2024-01-26 00:35:00-05:00,17518.5,17520.5,17513.25,17513.75,17513.75,609
2024-01-26 00:40:00-05:00,17514.5,17521.75,17514.5,17520.75,17520.75,251
2024-01-26 00:45:00-05:00,17521.0,17522.5,17517.0,17518.5,17518.5,300
2024-01-26 00:50:00-05:00,17518.0,17520.75,17514.75,17515.75,17515.75,285
2024-01-26 00:55:00-05:00,17516.25,17517.0,17505.25,17505.75,17505.75,544
2024-01-26 01:00:00-05:00,17506.0,17508.25,17502.25,17505.75,17505.75,379
2024-01-26 01:05:00-05:00,17505.75,17507.5,17493.25,17493.25,17493.25,645
2024-01-26 01:10:00-05:00,17493.75,17494.25,17483.75,17487.0,17487.0,711
2024-01-26 01:15:00-05:00,17486.0,17497.0,17479.5,17494.75,17494.75,1043
2024-01-26 01:20:00-05:00,17494.5,17502.0,17494.5,17497.25,17497.25,641
2024-01-26 01:25:00-05:00,17496.25,17496.75,17486.5,17488.75,17488.75,475
2024-01-26 01:30:00-05:00,17489.0,17489.0,17480.5,17486.0,17486.0,687
2024-01-26 01:35:00-05:00,17486.0,17502.25,17486.0,17500.5,17500.5,780
2024-01-26 01:40:00-05:00,17500.5,17501.75,17493.5,17501.0,17501.0,490
2024-01-26 01:45:00-05:00,17500.75,17505.25,17495.25,17496.25,17496.25,557
2024-01-26 01:50:00-05:00,17496.5,17503.5,17496.5,17499.25,17499.25,372
2024-01-26 01:55:00-05:00,17499.25,17505.5,17495.5,17499.0,17499.0,610
2024-01-26 02:00:00-05:00,17499.5,17511.25,17497.0,17510.75,17510.75,642
2024-01-26 02:05:00-05:00,17510.5,17510.75,17505.0,17507.75,17507.75,388
2024-01-26 02:10:00-05:00,17507.25,17507.5,17498.25,17499.75,17499.75,486
2024-01-26 02:15:00-05:00,17500.25,17500.5,17485.0,17492.25,17492.25,993
2024-01-26 02:20:00-05:00,17495.25,17498.5,17491.0,17491.0,17491.0,511
2024-01-26 02:25:00-05:00,17491.0,17503.5,17490.25,17496.25,17496.25,595
2024-01-26 02:30:00-05:00,17496.0,17501.0,17482.0,17487.25,17487.25,793
2024-01-26 02:35:00-05:00,17486.75,17490.0,17483.75,17489.0,17489.0,419
2024-01-26 02:40:00-05:00,17488.75,17490.0,17482.5,17485.5,17485.5,410
2024-01-26 02:45:00-05:00,17486.0,17487.75,17474.5,17475.75,17475.75,754
2024-01-26 02:50:00-05:00,17475.25,17479.0,17467.5,17475.5,17475.5,1365
2024-01-26 02:55:00-05:00,17475.0,17478.25,17468.5,17471.5,17471.5,680
2024-01-26 03:00:00-05:00,17470.5,17479.0,17466.0,17474.0,17474.0,1475
2024-01-26 03:05:00-05:00,17474.25,17480.5,17472.0,17477.25,17477.25,774
2024-01-26 03:10:00-05:00,17478.25,17491.0,17475.75,17489.5,17489.5,1119
2024-01-26 03:15:00-05:00,17489.75,17491.75,17480.75,17486.0,17486.0,661
2024-01-26 03:20:00-05:00,17485.5,17485.5,17475.5,17483.5,17483.5,811
2024-01-26 03:25:00-05:00,17482.5,17486.0,17475.5,17482.5,17482.5,530
2024-01-26 03:30:00-05:00,17483.25,17483.5,17483.25,17483.5,17483.5,9
2024-01-26 03:40:00-05:00,17493.80078125,17494.5,17482.5,17485.75,17485.75,1860
2024-01-26 03:45:00-05:00,17486.5,17494.25,17485.0,17487.5,17487.5,484
2024-01-26 03:50:00-05:00,17487.75,17491.5,17484.25,17485.0,17485.0,1013
2024-01-26 03:55:00-05:00,17485.0,17488.0,17480.75,17483.0,17483.0,564
2024-01-26 04:00:00-05:00,17483.5,17489.25,17470.25,17472.75,17472.75,1332
2024-01-26 04:05:00-05:00,17472.5,17485.0,17468.25,17485.0,17485.0,989
2024-01-26 04:10:00-05:00,17484.75,17489.75,17477.0,17479.25,17479.25,759
2024-01-26 04:15:00-05:00,17479.5,17492.75,17475.5,17490.25,17490.25,642
2024-01-26 04:20:00-05:00,17490.5,17497.5,17490.5,17496.75,17496.75,592
2024-01-26 04:25:00-05:00,17497.25,17506.75,17497.25,17505.5,17505.5,807
2024-01-26 04:30:00-05:00,17506.25,17510.0,17496.75,17502.75,17502.75,831
2024-01-26 04:35:00-05:00,17502.25,17508.5,17499.5,17506.5,17506.5,533
2024-01-26 04:40:00-05:00,17506.75,17515.75,17504.5,17513.5,17513.5,713
2024-01-26 04:45:00-05:00,17513.75,17521.0,17513.75,17518.25,17518.25,1053
2024-01-26 04:50:00-05:00,17518.25,17530.0,17517.25,17527.0,17527.0,742
2024-01-26 04:55:00-05:00,17527.25,17533.0,17525.75,17532.0,17532.0,914
2024-01-26 05:00:00-05:00,17532.0,17539.5,17531.0,17531.75,17531.75,1201
2024-01-26 05:05:00-05:00,17531.75,17535.0,17517.0,17522.75,17522.75,1416
2024-01-26 05:10:00-05:00,17523.25,17535.25,17521.0,17529.0,17529.0,791
2024-01-26 05:15:00-05:00,17529.25,17545.5,17528.25,17543.0,17543.0,1596
2024-01-26 05:20:00-05:00,17542.5,17544.75,17540.25,17542.75,17542.75,480
2024-01-26 05:25:00-05:00,17542.75,17546.75,17541.25,17543.25,17543.25,628
2024-01-26 05:30:00-05:00,17544.25,17546.25,17544.0,17545.0,17545.0,39
2024-01-26 05:40:00-05:00,17531.0,17545.25,17530.5,17544.25,17544.25,2039
2024-01-26 05:45:00-05:00,17543.75,17545.5,17537.75,17539.25,17539.25,350
2024-01-26 05:50:00-05:00,17539.0,17539.25,17526.75,17529.5,17529.5,895
2024-01-26 05:55:00-05:00,17529.0,17535.25,17525.25,17534.5,17534.5,671
2024-01-26 06:00:00-05:00,17534.0,17540.75,17533.75,17540.0,17540.0,541
2024-01-26 06:05:00-05:00,17540.0,17541.25,17526.25,17527.75,17527.75,747
2024-01-26 06:10:00-05:00,17527.75,17532.0,17526.5,17527.5,17527.5,339
2024-01-26 06:15:00-05:00,17526.75,17526.75,17519.25,17525.0,17525.0,835
2024-01-26 06:20:00-05:00,17525.25,17540.5,17524.0,17538.75,17538.75,749
2024-01-26 06:25:00-05:00,17538.5,17541.75,17533.5,17541.5,17541.5,469
2024-01-26 06:30:00-05:00,17541.75,17550.5,17541.75,17548.25,17548.25,1054
2024-01-26 06:35:00-05:00,17548.25,17548.5,17537.5,17541.5,17541.5,582
2024-01-26 06:40:00-05:00,17542.25,17546.0,17534.5,17536.0,17536.0,646
2024-01-26 06:45:00-05:00,17535.75,17543.5,17534.0,17543.5,17543.5,484
2024-01-26 06:50:00-05:00,17543.5,17548.5,17541.75,17548.0,17548.0,559
2024-01-26 06:55:00-05:00,17548.0,17555.0,17545.25,17552.5,17552.5,836
2024-01-26 07:00:00-05:00,17552.5,17563.0,17547.75,17562.0,17562.0,1185
2024-01-26 07:05:00-05:00,17562.25,17564.25,17556.25,17561.75,17561.75,672
2024-01-26 07:10:00-05:00,17562.75,17573.0,17558.75,17572.0,17572.0,1228
2024-01-26 07:15:00-05:00,17571.75,17579.75,17571.75,17576.5,17576.5,1321
2024-01-26 07:20:00-05:00,17576.5,17582.25,17573.5,17576.5,17576.5,988
2024-01-26 07:25:00-05:00,17576.5,17577.5,17571.5,17577.5,17577.5,557
2024-01-26 07:30:00-05:00,17577.5,17585.25,17575.0,17584.5,17584.5,896
2024-01-26 07:35:00-05:00,17585.0,17590.25,17582.75,17588.0,17588.0,1074
2024-01-26 07:40:00-05:00,17588.25,17589.0,17582.75,17586.25,17586.25,524
2024-01-26 07:45:00-05:00,17586.5,17589.0,17582.5,17583.25,17583.25,492
2024-01-26 07:50:00-05:00,17583.0,17584.0,17569.5,17570.5,17570.5,1209
2024-01-26 07:55:00-05:00,17570.75,17572.0,17563.0,17565.25,17565.25,973
2024-01-26 08:00:00-05:00,17566.0,17579.0,17564.25,17573.0,17573.0,1209
2024-01-26 08:05:00-05:00,17572.75,17584.75,17571.5,17583.25,17583.25,1032
2024-01-26 08:10:00-05:00,17583.25,17587.0,17578.0,17585.75,17585.75,822
2024-01-26 08:15:00-05:00,17585.75,17587.0,17571.5,17573.0,17573.0,1304
2024-01-26 08:20:00-05:00,17573.25,17583.0,17572.0,17573.75,17573.75,1037
2024-01-26 08:25:00-05:00,17574.0,17579.5,17560.5,17569.0,17569.0,1577
2024-01-26 08:30:00-05:00,17567.5,17598.0,17543.5,17553.5,17553.5,7468
2024-01-26 08:35:00-05:00,17553.0,17563.5,17538.5,17558.75,17558.75,4203
2024-01-26 08:40:00-05:00,17558.75,17592.75,17558.25,17588.0,17588.0,4714
2024-01-26 08:45:00-05:00,17587.75,17610.75,17582.0,17609.75,17609.75,4219
2024-01-26 08:50:00-05:00,17610.0,17611.5,17599.25,17602.5,17602.5,2148
2024-01-26 08:55:00-05:00,17601.75,17605.75,17591.5,17597.75,17597.75,2223
2024-01-26 09:00:00-05:00,17598.5,17598.5,17565.5,17566.0,17566.0,3286
2024-01-26 09:05:00-05:00,17566.5,17575.0,17556.0,17572.25,17572.25,2750
2024-01-26 09:10:00-05:00,17573.25,17573.75,17545.5,17547.25,17547.25,2870
2024-01-26 09:15:00-05:00,17547.25,17559.75,17539.0,17541.75,17541.75,2397
2024-01-26 09:20:00-05:00,17542.0,17551.25,17533.0,17541.75,17541.75,2705
2024-01-26 09:25:00-05:00,17542.75,17561.5,17541.0,17558.25,17558.25,2950
2024-01-26 09:30:00-05:00,17557.75,17571.0,17535.0,17564.75,17564.75,16992
2024-01-26 09:35:00-05:00,17565.5,17568.25,17527.5,17551.25,17551.25,13294
2024-01-26 09:40:00-05:00,17551.5,17562.5,17538.5,17557.75,17557.75,9460
2024-01-26 09:45:00-05:00,17558.25,17558.75,17536.25,17545.25,17545.25,7924
2024-01-26 09:50:00-05:00,17545.5,17554.0,17517.25,17527.75,17527.75,9705
2024-01-26 09:55:00-05:00,17527.0,17550.5,17518.5,17548.75,17548.75,6820
2024-01-26 10:00:00-05:00,17548.5,17548.5,17526.25,17527.25,17527.25,8816
2024-01-26 10:05:00-05:00,17527.25,17536.0,17504.0,17531.5,17531.5,12077
2024-01-26 10:10:00-05:00,17531.5,17543.0,17521.25,17541.25,17541.25,6746
2024-01-26 10:15:00-05:00,17541.25,17542.5,17517.0,17533.75,17533.75,7772
2024-01-26 10:20:00-05:00,17534.0,17562.0,17532.25,17555.25,17555.25,9591
2024-01-26 10:25:00-05:00,17555.0,17582.0,17555.0,17580.75,17580.75,8590
2024-01-26 10:30:00-05:00,17580.75,17603.0,17578.25,17595.25,17595.25,9573
2024-01-26 10:35:00-05:00,17595.5,17609.0,17585.75,17590.25,17590.25,8445
2024-01-26 10:40:00-05:00,17590.0,17606.0,17589.5,17600.75,17600.75,5152
2024-01-26 10:45:00-05:00,17601.0,17611.0,17594.0,17608.75,17608.75,6107
2024-01-26 10:50:00-05:00,17608.75,17617.5,17601.25,17613.75,17613.75,8322
2024-01-26 10:55:00-05:00,17614.0,17626.75,17613.0,17626.5,17626.5,7047
2024-01-26 11:00:00-05:00,17626.25,17629.5,17603.5,17607.5,17607.5,7557
2024-01-26 11:05:00-05:00,17607.25,17622.5,17596.75,17620.25,17620.25,6150
2024-01-26 11:10:00-05:00,17620.5,17624.25,17594.25,17595.5,17595.5,6117
2024-01-26 11:15:00-05:00,17595.75,17612.5,17594.5,17604.0,17604.0,5217
2024-01-26 11:20:00-05:00,17603.75,17614.5,17603.5,17609.25,17609.25,3551
2024-01-26 11:25:00-05:00,17609.25,17619.0,17605.25,17609.75,17609.75,4733
2024-01-26 11:30:00-05:00,17609.75,17623.5,17606.75,17615.5,17615.5,4718
2024-01-26 11:35:00-05:00,17615.0,17620.0,17583.0,17585.0,17585.0,7467
2024-01-26 11:40:00-05:00,17585.0,17593.75,17577.0,17588.25,17588.25,5302
2024-01-26 11:45:00-05:00,17588.25,17606.0,17580.75,17605.25,17605.25,4989
2024-01-26 11:50:00-05:00,17604.75,17611.5,17600.0,17601.0,17601.0,4480
2024-01-26 11:55:00-05:00,17600.75,17614.5,17597.25,17609.25,17609.25,4636
2024-01-26 12:00:00-05:00,17609.5,17620.75,17604.5,17618.75,17618.75,3997
2024-01-26 12:05:00-05:00,17618.75,17632.0,17608.0,17611.5,17611.5,6787
2024-01-26 12:10:00-05:00,17611.75,17625.0,17598.75,17620.75,17620.75,7127
2024-01-26 12:15:00-05:00,17621.0,17626.5,17618.75,17623.75,17623.75,3857
2024-01-26 12:20:00-05:00,17623.75,17628.25,17601.25,17602.75,17602.75,5586
2024-01-26 12:25:00-05:00,17603.0,17606.0,17593.25,17598.25,17598.25,4653
2024-01-26 12:30:00-05:00,17597.75,17598.25,17566.25,17573.5,17573.5,8417
2024-01-26 12:35:00-05:00,17572.75,17574.75,17539.0,17550.0,17550.0,10703
2024-01-26 12:40:00-05:00,17550.0,17557.25,17539.25,17548.5,17548.5,7488
2024-01-26 12:45:00-05:00,17548.25,17551.25,17519.75,17521.75,17521.75,7110
2024-01-26 12:50:00-05:00,17522.5,17537.0,17515.0,17535.5,17535.5,5957
2024-01-26 12:55:00-05:00,17536.0,17536.5,17521.5,17528.0,17528.0,3985
2024-01-26 13:00:00-05:00,17528.25,17535.5,17514.0,17530.0,17530.0,5657
2024-01-26 13:05:00-05:00,17530.0,17540.0,17519.25,17537.75,17537.75,3734
2024-01-26 13:10:00-05:00,17537.75,17541.5,17529.25,17531.25,17531.25,3081
2024-01-26 13:15:00-05:00,17531.75,17532.0,17517.0,17521.0,17521.0,4071
2024-01-26 13:20:00-05:00,17521.25,17543.0,17519.25,17539.5,17539.5,4030
2024-01-26 13:25:00-05:00,17539.25,17549.25,17532.75,17543.0,17543.0,4875
2024-01-26 13:30:00-05:00,17542.75,17549.25,17533.0,17544.5,17544.5,4112
2024-01-26 13:35:00-05:00,17544.5,17550.0,17537.5,17538.5,17538.5,3013
2024-01-26 13:40:00-05:00,17538.5,17538.5,17512.25,17520.0,17520.0,6093
2024-01-26 13:45:00-05:00,17520.0,17524.5,17506.0,17512.75,17512.75,5239
2024-01-26 13:50:00-05:00,17512.5,17519.25,17503.5,17510.0,17510.0,3834
2024-01-26 13:55:00-05:00,17510.5,17525.5,17504.25,17518.5,17518.5,3973
2024-01-26 14:00:00-05:00,17518.75,17543.5,17515.0,17538.25,17538.25,5016
2024-01-26 14:05:00-05:00,17538.5,17545.75,17531.5,17538.0,17538.0,3819
2024-01-26 14:10:00-05:00,17537.75,17541.25,17525.25,17532.0,17532.0,2857
2024-01-26 14:15:00-05:00,17532.25,17539.25,17527.5,17529.75,17529.75,2115
2024-01-26 14:20:00-05:00,17530.0,17536.25,17520.25,17524.5,17524.5,3534
2024-01-26 14:25:00-05:00,17524.5,17534.5,17522.25,17529.0,17529.0,2901
2024-01-26 14:30:00-05:00,17529.25,17533.5,17514.25,17521.0,17521.0,3738
2024-01-26 14:35:00-05:00,17521.25,17546.0,17520.25,17543.25,17543.25,4147
2024-01-26 14:40:00-05:00,17544.0,17559.5,17543.0,17556.75,17556.75,5047
2024-01-26 14:45:00-05:00,17557.25,17565.5,17552.0,17559.5,17559.5,4216
2024-01-26 14:50:00-05:00,17559.25,17573.75,17555.0,17558.25,17558.25,5226
2024-01-26 14:55:00-05:00,17557.75,17566.0,17545.0,17562.0,17562.0,4772
2024-01-26 15:00:00-05:00,17562.5,17566.75,17554.25,17555.25,17555.25,3381
2024-01-26 15:05:00-05:00,17555.25,17559.25,17548.25,17551.25,17551.25,2869
2024-01-26 15:10:00-05:00,17552.0,17563.25,17549.75,17562.75,17562.75,2333
2024-01-26 15:15:00-05:00,17562.75,17567.25,17558.5,17559.0,17559.0,3140
2024-01-26 15:20:00-05:00,17559.5,17560.0,17540.5,17547.5,17547.5,5045
2024-01-26 15:25:00-05:00,17547.5,17554.75,17534.5,17539.25,17539.25,3711
2024-01-26 15:30:00-05:00,17539.25,17544.0,17528.0,17533.75,17533.75,4888
2024-01-26 15:35:00-05:00,17533.25,17538.25,17522.25,17522.75,17522.75,3533
2024-01-26 15:40:00-05:00,17522.5,17529.0,17515.25,17526.0,17526.0,4505
2024-01-26 15:45:00-05:00,17526.0,17533.75,17516.5,17531.5,17531.5,4764
2024-01-26 15:50:00-05:00,17531.25,17534.75,17520.25,17526.5,17526.5,5302
2024-01-26 15:55:00-05:00,17526.25,17541.25,17524.0,17529.0,17529.0,13292
2024-01-26 16:00:00-05:00,17529.25,17532.0,17516.5,17520.0,17520.0,6024
2024-01-26 16:05:00-05:00,17520.0,17520.25,17509.0,17511.5,17511.5,3140
2024-01-26 16:10:00-05:00,17511.75,17513.25,17507.5,17509.0,17509.0,1367
2024-01-26 16:15:00-05:00,17509.5,17516.25,17508.75,17515.25,17515.25,673
2024-01-26 16:20:00-05:00,17515.5,17516.25,17511.25,17511.75,17511.75,900
2024-01-26 16:25:00-05:00,17511.75,17511.75,17509.0,17509.75,17509.75,716
2024-01-26 16:30:00-05:00,17510.0,17510.25,17504.0,17504.5,17504.5,749
2024-01-26 16:35:00-05:00,17504.75,17504.75,17498.25,17500.0,17500.0,878
2024-01-26 16:40:00-05:00,17500.25,17501.25,17496.75,17501.0,17501.0,602
2024-01-26 16:45:00-05:00,17501.0,17502.0,17497.75,17502.0,17502.0,387
2024-01-26 16:50:00-05:00,17501.5,17503.75,17501.25,17502.25,17502.25,289
2024-01-26 16:55:00-05:00,17502.25,17507.25,17500.5,17504.75,17504.75,581
2024-01-28 18:00:00-05:00,17502.0,17502.0,17457.5,17471.25,17471.25,725
2024-01-28 18:05:00-05:00,17471.0,17474.25,17466.5,17467.5,17467.5,559
2024-01-28 18:10:00-05:00,17467.5,17486.0,17460.0,17482.0,17482.0,1099
2024-01-28 18:15:00-05:00,17481.75,17489.25,17480.25,17487.25,17487.25,693
2024-01-28 18:20:00-05:00,17486.5,17491.0,17472.25,17474.25,17474.25,1184
2024-01-28 18:25:00-05:00,17473.5,17493.0,17470.25,17488.75,17488.75,894
2024-01-28 18:30:00-05:00,17488.25,17489.75,17477.0,17478.25,17478.25,415
2024-01-28 18:35:00-05:00,17478.25,17485.0,17474.25,17482.75,17482.75,519
2024-01-28 18:40:00-05:00,17484.0,17484.5,17476.0,17479.25,17479.25,278
2024-01-28 18:45:00-05:00,17479.25,17484.5,17478.25,17481.25,17481.25,252
2024-01-28 18:50:00-05:00,17480.75,17482.0,17476.5,17479.5,17479.5,203
2024-01-28 18:55:00-05:00,17480.0,17480.5,17477.5,17479.75,17479.75,118
2024-01-28 19:00:00-05:00,17480.0,17485.0,17479.25,17480.5,17480.5,376
2024-01-28 19:05:00-05:00,17480.5,17487.25,17480.0,17485.75,17485.75,343
2024-01-28 19:10:00-05:00,17486.0,17487.75,17482.75,17482.75,17482.75,263
2024-01-28 19:15:00-05:00,17483.25,17488.5,17483.0,17485.75,17485.75,301
2024-01-28 19:20:00-05:00,17485.25,17489.75,17482.5,17483.75,17483.75,353
2024-01-28 19:25:00-05:00,17483.75,17486.5,17480.25,17480.5,17480.5,338
2024-01-28 19:30:00-05:00,17480.5,17483.5,17479.5,17480.5,17480.5,247
2024-01-28 19:35:00-05:00,17480.5,17491.5,17480.0,17491.25,17491.25,544
2024-01-28 19:40:00-05:00,17491.25,17495.5,17490.25,17492.5,17492.5,641
2024-01-28 19:45:00-05:00,17492.5,17496.0,17489.0,17495.75,17495.75,570
2024-01-28 19:50:00-05:00,17495.25,17497.5,17490.75,17494.75,17494.75,424
2024-01-28 19:55:00-05:00,17495.0,17498.25,17492.25,17496.25,17496.25,273
2024-01-28 20:00:00-05:00,17496.75,17503.75,17496.75,17501.75,17501.75,652
2024-01-28 20:05:00-05:00,17502.0,17502.75,17500.25,17500.75,17500.75,368
2024-01-28 20:10:00-05:00,17502.0,17516.0,17501.75,17515.5,17515.5,1149
2024-01-28 20:15:00-05:00,17515.75,17516.0,17508.25,17513.75,17513.75,676
2024-01-28 20:20:00-05:00,17512.25,17514.75,17508.75,17514.0,17514.0,385
2024-01-28 20:25:00-05:00,17514.25,17532.75,17514.25,17527.25,17527.25,1584
2024-01-28 20:30:00-05:00,17527.0,17532.5,17527.0,17529.5,17529.5,535
2024-01-28 20:35:00-05:00,17530.0,17533.25,17527.5,17530.5,17530.5,500
2024-01-28 20:40:00-05:00,17530.75,17536.0,17529.75,17532.5,17532.5,567
2024-01-28 20:45:00-05:00,17533.0,17535.25,17530.5,17533.0,17533.0,370
2024-01-28 20:50:00-05:00,17531.75,17537.75,17529.25,17531.75,17531.75,695
2024-01-28 20:55:00-05:00,17531.5,17537.75,17531.5,17536.25,17536.25,514
2024-01-28 21:00:00-05:00,17536.75,17539.75,17534.0,17538.0,17538.0,425
2024-01-28 21:05:00-05:00,17538.75,17540.75,17532.25,17533.0,17533.0,430
2024-01-28 21:10:00-05:00,17533.0,17533.0,17528.0,17530.75,17530.75,528
2024-01-28 21:15:00-05:00,17531.0,17534.25,17530.25,17530.25,17530.25,242
2024-01-28 21:20:00-05:00,17530.25,17531.25,17524.25,17529.0,17529.0,568
2024-01-28 21:25:00-05:00,17527.5,17532.5,17527.0,17530.0,17530.0,261
2024-01-28 21:30:00-05:00,17530.0,17531.25,17526.0,17528.0,17528.0,257
2024-01-28 21:35:00-05:00,17527.5,17530.5,17526.0,17530.25,17530.25,336
2024-01-28 21:40:00-05:00,17530.25,17533.5,17528.75,17531.5,17531.5,333
2024-01-28 21:45:00-05:00,17531.0,17531.0,17527.5,17528.0,17528.0,285
2024-01-28 21:50:00-05:00,17528.0,17529.5,17527.5,17529.0,17529.0,301
2024-01-28 21:55:00-05:00,17529.5,17536.25,17527.5,17534.5,17534.5,418
2024-01-28 22:00:00-05:00,17534.75,17547.25,17534.75,17546.25,17546.25,1176
2024-01-28 22:05:00-05:00,17545.75,17546.5,17541.5,17543.0,17543.0,495
2024-01-28 22:10:00-05:00,17543.5,17545.5,17541.0,17544.0,17544.0,286
2024-01-28 22:15:00-05:00,17543.75,17543.75,17536.75,17537.25,17537.25,317
2024-01-28 22:20:00-05:00,17537.25,17537.5,17529.0,17534.5,17534.5,521
2024-01-28 22:25:00-05:00,17534.0,17534.0,17525.25,17528.5,17528.5,616
2024-01-28 22:30:00-05:00,17528.5,17533.25,17528.0,17531.75,17531.75,287
2024-01-28 22:35:00-05:00,17531.25,17531.25,17524.0,17525.75,17525.75,397
2024-01-28 22:40:00-05:00,17525.75,17537.75,17524.0,17535.75,17535.75,695
2024-01-28 22:45:00-05:00,17535.75,17537.75,17531.5,17536.5,17536.5,403
2024-01-28 22:50:00-05:00,17536.25,17538.5,17533.0,17533.75,17533.75,191
2024-01-28 22:55:00-05:00,17534.0,17540.5,17534.0,17539.5,17539.5,229
2024-01-28 23:00:00-05:00,17539.25,17540.75,17535.0,17539.0,17539.0,435
2024-01-28 23:05:00-05:00,17538.0,17538.0,17535.25,17537.25,17537.25,183
2024-01-28 23:10:00-05:00,17537.25,17537.25,17534.25,17536.25,17536.25,192
2024-01-28 23:15:00-05:00,17535.0,17535.0,17530.0,17533.5,17533.5,292
2024-01-28 23:20:00-05:00,17532.75,17537.0,17532.25,17536.0,17536.0,181
2024-01-28 23:25:00-05:00,17537.0,17537.5,17533.0,17534.5,17534.5,202
2024-01-28 23:30:00-05:00,17534.5,17535.25,17530.75,17533.0,17533.0,260
2024-01-28 23:35:00-05:00,17533.0,17535.0,17533.0,17534.0,17534.0,90
2024-01-28 23:40:00-05:00,17533.5,17534.5,17530.0,17534.5,17534.5,201
2024-01-28 23:45:00-05:00,17534.75,17536.5,17534.0,17534.25,17534.25,108
2024-01-28 23:50:00-05:00,17535.0,17536.25,17531.25,17531.25,17531.25,141
2024-01-28 23:55:00-05:00,17531.5,17533.0,17530.25,17530.5,17530.5,80
2024-01-29 00:00:00-05:00,17531.5,17536.25,17530.0,17536.0,17536.0,308
2024-01-29 00:05:00-05:00,17536.25,17536.25,17529.0,17529.5,17529.5,167
2024-01-29 00:10:00-05:00,17530.25,17530.75,17526.5,17529.0,17529.0,284
2024-01-29 00:15:00-05:00,17528.75,17532.25,17526.0,17530.75,17530.75,272
2024-01-29 00:20:00-05:00,17530.75,17531.25,17525.5,17526.0,17526.0,207
2024-01-29 00:25:00-05:00,17526.75,17530.75,17525.5,17529.0,17529.0,183
2024-01-29 00:30:00-05:00,17529.5,17533.0,17528.75,17529.5,17529.5,155
2024-01-29 00:35:00-05:00,17529.25,17532.75,17528.0,17532.5,17532.5,129
2024-01-29 00:40:00-05:00,17533.0,17535.0,17530.75,17531.5,17531.5,191
2024-01-29 00:45:00-05:00,17531.0,17533.0,17529.25,17530.0,17530.0,136
2024-01-29 00:50:00-05:00,17529.5,17534.0,17529.5,17532.0,17532.0,191
2024-01-29 00:55:00-05:00,17531.75,17533.5,17530.75,17532.25,17532.25,191
2024-01-29 01:00:00-05:00,17532.5,17535.25,17529.5,17529.75,17529.75,382
2024-01-29 01:05:00-05:00,17530.25,17542.5,17530.25,17542.25,17542.25,390
2024-01-29 01:10:00-05:00,17542.5,17542.75,17536.75,17536.75,17536.75,244
2024-01-29 01:15:00-05:00,17536.75,17547.75,17536.75,17546.75,17546.75,441
2024-01-29 01:20:00-05:00,17546.75,17548.75,17545.0,17546.0,17546.0,338
2024-01-29 01:25:00-05:00,17546.0,17546.75,17543.25,17544.25,17544.25,348
2024-01-29 01:30:00-05:00,17544.25,17546.75,17543.0,17545.5,17545.5,208
2024-01-29 01:35:00-05:00,17545.5,17545.5,17541.75,17543.5,17543.5,165
2024-01-29 01:40:00-05:00,17543.75,17545.0,17540.75,17544.5,17544.5,262
2024-01-29 01:45:00-05:00,17545.0,17553.25,17543.0,17550.75,17550.75,480
2024-01-29 01:50:00-05:00,17550.25,17550.25,17545.25,17548.25,17548.25,344
2024-01-29 01:55:00-05:00,17548.0,17548.5,17545.25,17545.5,17545.5,220
2024-01-29 02:00:00-05:00,17544.75,17549.25,17541.25,17546.75,17546.75,479
2024-01-29 02:05:00-05:00,17546.5,17555.25,17545.75,17551.75,17551.75,620
2024-01-29 02:10:00-05:00,17551.75,17553.75,17546.25,17548.75,17548.75,433
2024-01-29 02:15:00-05:00,17548.5,17553.0,17547.5,17549.75,17549.75,407
2024-01-29 02:20:00-05:00,17550.0,17551.25,17545.25,17545.75,17545.75,304
2024-01-29 02:25:00-05:00,17546.0,17549.0,17543.25,17548.75,17548.75,271
2024-01-29 02:30:00-05:00,17549.0,17552.75,17545.5,17548.0,17548.0,522
2024-01-29 02:35:00-05:00,17548.0,17549.5,17544.25,17548.0,17548.0,221
2024-01-29 02:40:00-05:00,17547.75,17553.5,17547.25,17552.5,17552.5,317
2024-01-29 02:45:00-05:00,17552.0,17553.5,17548.5,17550.25,17550.25,373
2024-01-29 02:50:00-05:00,17549.75,17554.25,17547.0,17553.75,17553.75,333
2024-01-29 02:55:00-05:00,17554.25,17558.0,17551.75,17557.0,17557.0,440
2024-01-29 03:00:00-05:00,17557.25,17558.75,17548.25,17550.75,17550.75,1016
2024-01-29 03:05:00-05:00,17552.0,17553.5,17541.25,17543.75,17543.75,709
2024-01-29 03:10:00-05:00,17543.75,17553.5,17543.0,17551.25,17551.25,562
2024-01-29 03:15:00-05:00,17550.5,17556.0,17547.0,17555.25,17555.25,447
2024-01-29 03:20:00-05:00,17553.75,17561.75,17553.75,17557.0,17557.0,697
2024-01-29 03:25:00-05:00,17557.75,17565.0,17554.5,17564.5,17564.5,670
2024-01-29 03:30:00-05:00,17564.75,17576.25,17564.25,17575.25,17575.25,1604
2024-01-29 03:35:00-05:00,17575.5,17579.25,17573.25,17578.25,17578.25,997
2024-01-29 03:40:00-05:00,17578.75,17582.75,17576.25,17582.75,17582.75,729
2024-01-29 03:45:00-05:00,17582.5,17583.0,17574.75,17576.0,17576.0,742
2024-01-29 03:50:00-05:00,17575.75,17579.0,17571.5,17578.5,17578.5,677
2024-01-29 03:55:00-05:00,17578.25,17584.25,17578.25,17582.0,17582.0,687
2024-01-29 04:00:00-05:00,17582.0,17589.75,17576.0,17589.0,17589.0,1254
2024-01-29 04:05:00-05:00,17589.0,17589.5,17582.0,17589.25,17589.25,905
2024-01-29 04:10:00-05:00,17588.75,17591.5,17572.75,17574.25,17574.25,965
2024-01-29 04:15:00-05:00,17573.25,17574.25,17558.5,17558.75,17558.75,1462
2024-01-29 04:20:00-05:00,17559.25,17560.0,17544.25,17545.75,17545.75,1675
2024-01-29 04:25:00-05:00,17546.25,17556.25,17544.25,17554.25,17554.25,1079
2024-01-29 04:30:00-05:00,17554.25,17559.25,17550.0,17552.0,17552.0,746
2024-01-29 04:35:00-05:00,17551.25,17561.25,17549.0,17550.5,17550.5,853
2024-01-29 04:40:00-05:00,17550.75,17550.75,17540.25,17545.25,17545.25,800
2024-01-29 04:45:00-05:00,17545.25,17553.75,17544.0,17553.5,17553.5,537
2024-01-29 04:50:00-05:00,17554.0,17554.25,17545.0,17546.0,17546.0,464
2024-01-29 04:55:00-05:00,17545.25,17548.25,17543.0,17547.75,17547.75,371
2024-01-29 05:00:00-05:00,17547.0,17555.5,17543.5,17554.75,17554.75,646
2024-01-29 05:05:00-05:00,17554.5,17560.5,17553.0,17557.0,17557.0,703
2024-01-29 05:10:00-05:00,17556.75,17562.5,17556.25,17558.25,17558.25,458
2024-01-29 05:15:00-05:00,17558.5,17562.75,17556.5,17558.25,17558.25,453
2024-01-29 05:20:00-05:00,17558.5,17563.0,17557.5,17561.25,17561.25,419
2024-01-29 05:25:00-05:00,17561.0,17563.0,17555.0,17560.25,17560.25,610
2024-01-29 05:30:00-05:00,17560.0,17560.0,17559.75,17559.75,17559.75,6
2024-01-29 05:40:00-05:00,17558.5,17568.25,17558.25,17566.25,17566.25,1219
2024-01-29 05:45:00-05:00,17566.75,17571.25,17566.0,17569.75,17569.75,448
2024-01-29 05:50:00-05:00,17570.0,17572.75,17563.5,17564.0,17564.0,633
2024-01-29 05:55:00-05:00,17564.0,17566.0,17560.5,17563.75,17563.75,472
2024-01-29 06:00:00-05:00,17564.0,17565.0,17556.25,17559.25,17559.25,637
2024-01-29 06:05:00-05:00,17559.75,17568.0,17558.5,17560.5,17560.5,457
2024-01-29 06:10:00-05:00,17560.0,17562.25,17558.5,17558.75,17558.75,252
2024-01-29 06:15:00-05:00,17559.0,17564.0,17557.25,17563.0,17563.0,318
2024-01-29 06:20:00-05:00,17562.5,17567.0,17558.75,17565.5,17565.5,293
2024-01-29 06:25:00-05:00,17565.5,17571.75,17565.0,17569.5,17569.5,381
2024-01-29 06:30:00-05:00,17569.5,17570.5,17564.0,17565.75,17565.75,403
2024-01-29 06:35:00-05:00,17565.25,17566.5,17562.25,17566.5,17566.5,338
2024-01-29 06:40:00-05:00,17566.75,17570.75,17561.0,17569.75,17569.75,465
2024-01-29 06:45:00-05:00,17569.5,17574.5,17566.5,17567.5,17567.5,523
2024-01-29 06:50:00-05:00,17567.75,17568.75,17564.5,17568.5,17568.5,367
2024-01-29 06:55:00-05:00,17568.0,17571.75,17566.5,17567.25,17567.25,364
2024-01-29 07:00:00-05:00,17567.5,17576.0,17561.75,17573.75,17573.75,923
2024-01-29 07:05:00-05:00,17573.75,17576.75,17567.75,17576.0,17576.0,540
2024-01-29 07:10:00-05:00,17576.0,17578.75,17570.25,17573.0,17573.0,771
2024-01-29 07:15:00-05:00,17572.75,17572.75,17563.25,17571.0,17571.0,665
2024-01-29 07:20:00-05:00,17570.5,17573.25,17567.25,17569.25,17569.25,423
2024-01-29 07:25:00-05:00,17569.5,17574.25,17568.75,17571.25,17571.25,392
2024-01-29 07:30:00-05:00,17571.25,17571.75,17562.0,17565.5,17565.5,718
2024-01-29 07:35:00-05:00,17564.5,17565.75,17552.0,17558.5,17558.5,847
2024-01-29 07:40:00-05:00,17558.25,17561.5,17557.0,17558.5,17558.5,442
2024-01-29 07:45:00-05:00,17560.0,17562.75,17549.75,17550.5,17550.5,931
2024-01-29 07:50:00-05:00,17550.75,17555.75,17546.25,17555.0,17555.0,857
2024-01-29 07:55:00-05:00,17554.75,17558.25,17552.25,17555.5,17555.5,572
2024-01-29 08:00:00-05:00,17555.25,17560.5,17549.75,17554.25,17554.25,1045
2024-01-29 08:05:00-05:00,17554.0,17566.25,17552.25,17563.25,17563.25,846
2024-01-29 08:10:00-05:00,17563.25,17566.25,17559.0,17561.0,17561.0,672
2024-01-29 08:15:00-05:00,17561.0,17562.75,17551.75,17552.0,17552.0,638
2024-01-29 08:20:00-05:00,17552.0,17554.0,17545.0,17548.5,17548.5,1189
2024-01-29 08:25:00-05:00,17549.0,17551.25,17547.0,17550.5,17550.5,737
2024-01-29 08:30:00-05:00,17550.75,17550.75,17541.75,17543.0,17543.0,1224
2024-01-29 08:35:00-05:00,17542.5,17549.5,17542.5,17547.75,17547.75,725
2024-01-29 08:40:00-05:00,17547.5,17549.0,17538.0,17539.0,17539.0,978
2024-01-29 08:45:00-05:00,17538.75,17546.5,17538.0,17540.75,17540.75,971
2024-01-29 08:50:00-05:00,17540.75,17550.0,17540.0,17549.0,17549.0,985
2024-01-29 08:55:00-05:00,17548.75,17550.0,17544.75,17546.0,17546.0,697
2024-01-29 09:00:00-05:00,17545.75,17546.25,17540.0,17542.75,17542.75,853
2024-01-29 09:05:00-05:00,17543.25,17552.75,17542.75,17551.0,17551.0,905
2024-01-29 09:10:00-05:00,17551.0,17552.25,17543.5,17543.75,17543.75,782
2024-01-29 09:15:00-05:00,17543.75,17546.5,17534.5,17545.0,17545.0,1772
2024-01-29 09:20:00-05:00,17545.5,17552.75,17543.5,17544.25,17544.25,1363
2024-01-29 09:25:00-05:00,17544.25,17554.25,17540.0,17548.25,17548.25,2424
2024-01-29 09:30:00-05:00,17548.0,17556.75,17529.75,17553.25,17553.25,14147
2024-01-29 09:35:00-05:00,17553.5,17578.0,17552.5,17573.5,17573.5,11641
2024-01-29 09:40:00-05:00,17573.75,17583.5,17565.75,17568.25,17568.25,9566
2024-01-29 09:45:00-05:00,17568.25,17576.0,17553.0,17566.5,17566.5,9573
2024-01-29 09:50:00-05:00,17567.0,17574.5,17554.0,17567.5,17567.5,8329
2024-01-29 09:55:00-05:00,17567.25,17569.5,17551.5,17558.25,17558.25,6319
2024-01-29 10:00:00-05:00,17558.5,17559.25,17526.0,17530.75,17530.75,10803
2024-01-29 10:05:00-05:00,17531.75,17553.0,17527.0,17549.75,17549.75,8633
2024-01-29 10:10:00-05:00,17549.5,17564.0,17548.75,17560.25,17560.25,7652
2024-01-29 10:15:00-05:00,17560.25,17570.5,17559.25,17565.25,17565.25,6813
2024-01-29 10:20:00-05:00,17566.0,17566.5,17530.75,17541.5,17541.5,10561
2024-01-29 10:25:00-05:00,17541.25,17552.0,17528.25,17551.0,17551.0,9959
2024-01-29 10:30:00-05:00,17550.75,17564.25,17530.25,17541.5,17541.5,10568
2024-01-29 10:35:00-05:00,17541.75,17553.25,17530.25,17550.0,17550.0,6915
2024-01-29 10:40:00-05:00,17550.0,17557.0,17534.75,17542.75,17542.75,6714
2024-01-29 10:45:00-05:00,17542.75,17552.5,17528.75,17534.25,17534.25,5030
2024-01-29 10:50:00-05:00,17534.0,17548.0,17531.0,17545.75,17545.75,4530
2024-01-29 10:55:00-05:00,17545.75,17553.25,17527.5,17530.0,17530.0,5849
2024-01-29 11:00:00-05:00,17530.25,17536.75,17519.75,17535.75,17535.75,6162
2024-01-29 11:05:00-05:00,17535.75,17538.25,17529.0,17537.75,17537.75,3242
2024-01-29 11:10:00-05:00,17537.75,17546.5,17537.5,17545.0,17545.0,3926
2024-01-29 11:15:00-05:00,17545.25,17559.75,17542.0,17555.25,17555.25,5113
2024-01-29 11:20:00-05:00,17555.5,17558.5,17536.25,17546.25,17546.25,5716
2024-01-29 11:25:00-05:00,17546.5,17561.25,17541.25,17558.5,17558.5,6019
2024-01-29 11:30:00-05:00,17558.5,17567.25,17555.5,17559.75,17559.75,4674
2024-01-29 11:35:00-05:00,17559.75,17565.75,17554.5,17562.0,17562.0,3667
2024-01-29 11:40:00-05:00,17562.0,17568.75,17555.25,17566.5,17566.5,3532
2024-01-29 11:45:00-05:00,17566.25,17574.25,17562.25,17571.0,17571.0,4455
2024-01-29 11:50:00-05:00,17571.0,17578.5,17567.0,17576.25,17576.25,4654
2024-01-29 11:55:00-05:00,17576.5,17582.25,17575.0,17581.0,17581.0,4173
2024-01-29 12:00:00-05:00,17580.75,17588.25,17576.25,17579.25,17579.25,5585
2024-01-29 12:05:00-05:00,17579.0,17581.75,17576.25,17579.5,17579.5,2304
2024-01-29 12:10:00-05:00,17579.75,17588.75,17579.25,17584.0,17584.0,3186
2024-01-29 12:15:00-05:00,17584.0,17592.75,17580.5,17582.25,17582.25,4297
2024-01-29 12:20:00-05:00,17582.25,17603.5,17576.25,17599.0,17599.0,6580
2024-01-29 12:25:00-05:00,17598.75,17607.5,17592.75,17594.75,17594.75,5442
2024-01-29 12:30:00-05:00,17594.5,17600.75,17593.25,17597.5,17597.5,3220
2024-01-29 12:35:00-05:00,17597.25,17606.5,17595.75,17604.75,17604.75,3122
2024-01-29 12:40:00-05:00,17605.0,17609.5,17592.5,17594.5,17594.5,4627
2024-01-29 12:45:00-05:00,17594.25,17597.25,17581.5,17590.0,17590.0,5753
2024-01-29 12:50:00-05:00,17590.25,17597.0,17586.0,17592.0,17592.0,3668
2024-01-29 12:55:00-05:00,17591.75,17607.25,17591.0,17597.25,17597.25,5359
2024-01-29 13:00:00-05:00,17597.75,17600.5,17582.75,17587.25,17587.25,4098
2024-01-29 13:05:00-05:00,17587.5,17597.0,17587.25,17591.0,17591.0,3327
2024-01-29 13:10:00-05:00,17591.0,17593.0,17578.25,17586.25,17586.25,3591
2024-01-29 13:15:00-05:00,17586.75,17594.25,17582.75,17590.5,17590.5,2637
2024-01-29 13:20:00-05:00,17590.5,17596.5,17586.0,17590.0,17590.0,2653
2024-01-29 13:25:00-05:00,17589.5,17599.0,17589.5,17596.75,17596.75,2383
2024-01-29 13:30:00-05:00,17596.75,17601.0,17589.5,17592.5,17592.5,3244
2024-01-29 13:35:00-05:00,17592.25,17599.5,17591.75,17595.25,17595.25,1761
2024-01-29 13:40:00-05:00,17595.5,17603.75,17593.75,17598.25,17598.25,2927
2024-01-29 13:45:00-05:00,17598.5,17602.0,17596.25,17598.0,17598.0,1714
2024-01-29 13:50:00-05:00,17598.25,17599.75,17586.0,17588.5,17588.5,3454
2024-01-29 13:55:00-05:00,17589.0,17590.75,17585.0,17587.75,17587.75,1820
2024-01-29 14:00:00-05:00,17588.0,17593.5,17583.0,17591.0,17591.0,3039
2024-01-29 14:05:00-05:00,17591.25,17602.5,17591.0,17602.0,17602.0,2674
2024-01-29 14:10:00-05:00,17602.0,17617.5,17601.5,17614.75,17614.75,6385
2024-01-29 14:15:00-05:00,17615.0,17624.5,17611.0,17613.0,17613.0,5226
2024-01-29 14:20:00-05:00,17612.5,17619.25,17611.5,17615.75,17615.75,2703
2024-01-29 14:25:00-05:00,17615.75,17620.0,17613.5,17619.0,17619.0,2088
2024-01-29 14:30:00-05:00,17618.75,17625.25,17615.25,17622.75,17622.75,3814
2024-01-29 14:35:00-05:00,17622.75,17629.25,17621.5,17626.25,17626.25,3371
2024-01-29 14:40:00-05:00,17626.25,17634.0,17624.75,17627.25,17627.25,5255
2024-01-29 14:45:00-05:00,17627.25,17629.75,17616.5,17617.0,17617.0,3363
2024-01-29 14:50:00-05:00,17616.75,17625.25,17616.75,17622.5,17622.5,3348
2024-01-29 14:55:00-05:00,17622.5,17631.0,17621.5,17626.0,17626.0,2967
2024-01-29 15:00:00-05:00,17626.25,17673.5,17626.25,17663.0,17663.0,17150
2024-01-29 15:05:00-05:00,17663.5,17681.25,17654.75,17672.0,17672.0,8609
2024-01-29 15:10:00-05:00,17672.25,17679.25,17669.25,17671.25,17671.25,4488
2024-01-29 15:15:00-05:00,17671.0,17701.0,17670.25,17700.0,17700.0,8056
2024-01-29 15:20:00-05:00,17700.0,17707.5,17696.5,17705.5,17705.5,6900
2024-01-29 15:25:00-05:00,17705.25,17714.5,17698.5,17704.25,17704.25,9187
2024-01-29 15:30:00-05:00,17704.0,17714.0,17702.75,17705.0,17705.0,4686
2024-01-29 15:35:00-05:00,17705.0,17707.0,17696.0,17697.5,17697.5,5811
2024-01-29 15:40:00-05:00,17697.25,17699.25,17689.0,17692.75,17692.75,5064
2024-01-29 15:45:00-05:00,17692.5,17693.25,17680.5,17689.5,17689.5,5879
2024-01-29 15:50:00-05:00,17688.25,17693.5,17681.0,17688.0,17688.0,7400
2024-01-29 15:55:00-05:00,17688.25,17709.25,17683.25,17707.5,17707.5,18663
2024-01-29 16:00:00-05:00,17707.25,17710.5,17691.5,17692.25,17692.25,7695
2024-01-29 16:05:00-05:00,17692.0,17694.75,17687.25,17689.75,17689.75,1899
2024-01-29 16:10:00-05:00,17690.25,17699.25,17687.25,17698.0,17698.0,1430
2024-01-29 16:15:00-05:00,17698.25,17708.75,17697.0,17706.25,17706.25,1209
2024-01-29 16:20:00-05:00,17705.5,17706.0,17701.0,17705.75,17705.75,707
2024-01-29 16:25:00-05:00,17705.75,17708.5,17703.75,17703.75,17703.75,443
2024-01-29 16:30:00-05:00,17703.75,17707.0,17700.5,17705.75,17705.75,615
2024-01-29 16:35:00-05:00,17705.75,17707.0,17702.5,17702.75,17702.75,398
2024-01-29 16:40:00-05:00,17702.5,17704.5,17700.5,17703.75,17703.75,576
2024-01-29 16:45:00-05:00,17703.0,17703.75,17699.25,17702.25,17702.25,541
2024-01-29 16:50:00-05:00,17702.25,17703.75,17700.25,17702.75,17702.75,437
2024-01-29 16:55:00-05:00,17703.0,17705.5,17699.5,17700.25,17700.25,804
2024-01-29 18:00:00-05:00,17711.75,17721.75,17699.5,17720.5,17720.5,0
2024-01-29 18:05:00-05:00,17720.5,17727.0,17718.75,17720.25,17720.25,846
2024-01-29 18:10:00-05:00,17720.75,17723.75,17715.25,17717.25,17717.25,513
2024-01-29 18:15:00-05:00,17717.5,17720.5,17716.5,17719.75,17719.75,248
2024-01-29 18:20:00-05:00,17719.5,17726.0,17719.5,17725.5,17725.5,532
2024-01-29 18:25:00-05:00,17725.5,17731.0,17725.5,17729.0,17729.0,693
2024-01-29 18:30:00-05:00,17728.75,17732.75,17727.0,17727.0,17727.0,437
2024-01-29 18:35:00-05:00,17727.0,17727.5,17723.25,17724.25,17724.25,258
2024-01-29 18:40:00-05:00,17723.75,17726.0,17718.75,17719.5,17719.5,349
2024-01-29 18:45:00-05:00,17719.5,17722.5,17715.75,17721.75,17721.75,508
2024-01-29 18:50:00-05:00,17721.75,17722.0,17718.0,17719.75,17719.75,219
2024-01-29 18:55:00-05:00,17719.0,17722.25,17718.75,17722.0,17722.0,246
2024-01-29 19:00:00-05:00,17721.75,17723.25,17717.75,17720.5,17720.5,376
2024-01-29 19:05:00-05:00,17721.0,17721.25,17716.75,17717.0,17717.0,222
2024-01-29 19:10:00-05:00,17717.0,17717.25,17711.0,17715.75,17715.75,647
2024-01-29 19:15:00-05:00,17716.0,17726.25,17716.0,17721.25,17721.25,510
2024-01-29 19:20:00-05:00,17721.5,17729.0,17721.5,17727.0,17727.0,391
2024-01-29 19:25:00-05:00,17727.5,17732.75,17727.5,17730.0,17730.0,579
2024-01-29 19:30:00-05:00,17729.75,17735.75,17729.5,17733.5,17733.5,710
2024-01-29 19:35:00-05:00,17733.5,17735.5,17729.0,17729.5,17729.5,357
2024-01-29 19:40:00-05:00,17729.75,17731.75,17727.25,17729.0,17729.0,223
2024-01-29 19:45:00-05:00,17729.0,17732.0,17728.0,17728.25,17728.25,225
2024-01-29 19:50:00-05:00,17728.0,17729.75,17726.5,17729.25,17729.25,199
2024-01-29 19:55:00-05:00,17729.25,17730.25,17726.0,17729.0,17729.0,244
2024-01-29 20:00:00-05:00,17728.25,17728.5,17723.5,17724.25,17724.25,378
2024-01-29 20:05:00-05:00,17724.25,17725.75,17720.0,17725.25,17725.25,510
2024-01-29 20:10:00-05:00,17725.5,17731.25,17723.5,17728.75,17728.75,472
2024-01-29 20:15:00-05:00,17728.25,17728.75,17718.75,17719.5,17719.5,560
2024-01-29 20:20:00-05:00,17720.25,17720.5,17715.0,17717.5,17717.5,557
2024-01-29 20:25:00-05:00,17717.75,17717.75,17706.0,17713.5,17713.5,1208
2024-01-29 20:30:00-05:00,17713.25,17713.5,17702.5,17708.25,17708.25,808
2024-01-29 20:35:00-05:00,17708.25,17712.0,17704.75,17711.25,17711.25,416
2024-01-29 20:40:00-05:00,17711.25,17712.0,17707.5,17711.75,17711.75,287
2024-01-29 20:45:00-05:00,17711.5,17714.0,17707.75,17713.25,17713.25,363
2024-01-29 20:50:00-05:00,17714.0,17716.75,17712.25,17714.25,17714.25,358
2024-01-29 20:55:00-05:00,17713.75,17714.5,17710.25,17711.75,17711.75,224
2024-01-29 21:00:00-05:00,17712.5,17712.5,17705.75,17709.75,17709.75,396
2024-01-29 21:05:00-05:00,17709.75,17711.25,17707.75,17709.25,17709.25,189
2024-01-29 21:10:00-05:00,17709.75,17711.0,17706.25,17710.5,17710.5,169
2024-01-29 21:15:00-05:00,17711.0,17712.0,17706.75,17708.25,17708.25,163
2024-01-29 21:20:00-05:00,17708.5,17711.25,17707.75,17711.0,17711.0,166
2024-01-29 21:25:00-05:00,17710.75,17712.5,17707.5,17709.75,17709.75,219
2024-01-29 21:30:00-05:00,17709.75,17715.25,17709.75,17714.75,17714.75,290
2024-01-29 21:35:00-05:00,17714.5,17717.0,17713.0,17715.5,17715.5,234
2024-01-29 21:40:00-05:00,17715.5,17718.5,17715.25,17717.0,17717.0,278
2024-01-29 21:45:00-05:00,17717.0,17719.0,17716.25,17717.75,17717.75,152
2024-01-29 21:50:00-05:00,17717.75,17719.25,17715.0,17719.25,17719.25,205
2024-01-29 21:55:00-05:00,17719.0,17719.0,17715.5,17717.5,17717.5,137
2024-01-29 22:00:00-05:00,17717.5,17719.0,17715.5,17718.0,17718.0,156
2024-01-29 22:05:00-05:00,17718.0,17721.75,17717.75,17717.75,17717.75,280
2024-01-29 22:10:00-05:00,17718.25,17718.25,17713.25,17715.25,17715.25,308
2024-01-29 22:15:00-05:00,17715.0,17719.25,17715.0,17718.0,17718.0,192
2024-01-29 22:20:00-05:00,17717.0,17719.0,17714.75,17718.5,17718.5,203
2024-01-29 22:25:00-05:00,17718.25,17723.0,17718.0,17720.75,17720.75,286
2024-01-29 22:30:00-05:00,17720.75,17721.0,17717.0,17718.5,17718.5,173
2024-01-29 22:35:00-05:00,17719.0,17719.5,17716.0,17717.75,17717.75,92
2024-01-29 22:40:00-05:00,17717.5,17718.75,17715.75,17718.25,17718.25,116
2024-01-29 22:45:00-05:00,17717.5,17717.5,17711.25,17713.5,17713.5,344
2024-01-29 22:50:00-05:00,17713.25,17716.75,17712.75,17713.25,17713.25,153
2024-01-29 22:55:00-05:00,17713.25,17713.25,17709.0,17710.0,17710.0,272
2024-01-29 23:00:00-05:00,17710.25,17714.75,17709.25,17712.5,17712.5,206
2024-01-29 23:05:00-05:00,17712.25,17713.0,17710.0,17711.0,17711.0,139
2024-01-29 23:10:00-05:00,17711.25,17715.5,17711.25,17714.25,17714.25,163
2024-01-29 23:15:00-05:00,17713.75,17715.25,17711.75,17712.0,17712.0,106
2024-01-29 23:20:00-05:00,17712.5,17714.5,17712.0,17714.0,17714.0,98
2024-01-29 23:25:00-05:00,17713.75,17714.5,17711.25,17714.25,17714.25,244
2024-01-29 23:30:00-05:00,17713.75,17717.25,17712.5,17716.75,17716.75,170
2024-01-29 23:35:00-05:00,17717.0,17717.75,17713.25,17714.75,17714.75,276
2024-01-29 23:40:00-05:00,17714.25,17714.25,17710.25,17712.5,17712.5,271
2024-01-29 23:45:00-05:00,17712.0,17715.0,17711.25,17714.25,17714.25,182
2024-01-29 23:50:00-05:00,17713.5,17716.5,17712.75,17712.75,17712.75,298
2024-01-29 23:55:00-05:00,17713.5,17714.0,17711.75,17713.5,17713.5,95
